Filename,Number of Instruments,Instrument Names
01 - Game de check! Koutsuu Anzen (FM) - Instructions.mid,3,"['Electric Guitar (clean)', 'Acoustic Bass', 'Vibraphone']"
01 A Ball of Light.mid,3,"['Electric Piano 1', 'Flute', 'Flute']"
01 Compile.mid,2,"['Harpsichord', 'Harpsichord']"
01 Hyper Defending Force (Title).mid,5,"['Electric Piano 1', 'Electric Piano 1', 'Acoustic Bass', 'Electric Piano 1', 'Steel Drums']"
01 Is it Domingo Today.mid,10,"['Lead 2 (sawtooth)', 'Lead 2 (sawtooth)', 'Harpsichord', 'Acoustic Grand Piano', 'Lead 2 (sawtooth)', 'Lead 2 (sawtooth)', 'Harpsichord', 'Lead 2 (sawtooth)', 'French Horn', 'Steel Drums']"
01 Last Attack.mid,10,"['Acoustic Bass', 'Acoustic Grand Piano', 'Acoustic Grand Piano', 'Acoustic Grand Piano', 'Clarinet', 'Vibraphone', 'Acoustic Guitar (nylon)', 'Harpsichord', 'Trumpet', 'Steel Drums']"
01 Opening #1.mid,3,"['Electric Piano 1', 'Vibraphone', 'Acoustic Bass']"
01 Opening Theme 1.mid,5,"['Flute', 'Electric Piano 1', 'Electric Piano 1', 'Electric Piano 1', 'Steel Drums']"
01 Opening Theme.mid,12,"['French Horn', 'Electric Guitar (clean)', 'Violin', 'Electric Piano 1', 'Electric Piano 1', 'Trumpet', 'Harpsichord', 'Trumpet', 'Vibraphone', 'Trumpet', 'Vibraphone', 'Steel Drums']"
01 Peddler.mid,6,"['French Horn', 'Flute', 'Church Organ', 'Church Organ', 'Church Organ', 'Acoustic Guitar (nylon)']"
01 Pikupiku Team.mid,6,"['Electric Piano 1', 'Electric Piano 1', 'Lead 2 (sawtooth)', 'Lead 2 (sawtooth)', 'Electric Piano 1', 'Steel Drums']"
01 Prologue.mid,22,"['Church Organ', 'Synth Bass 1', 'Violin', 'Electric Piano 1', 'Church Organ', 'Synth Bass 1', 'Violin', 'Acoustic Bass', 'Church Organ', 'Vibraphone', 'Flute', 'Church Organ', 'Violin', 'Clarinet', 'Clarinet', 'Acoustic Guitar (nylon)', 'Lead 2 (sawtooth)', 'Vibraphone', 'Electric Piano 1', 'Church Organ', 'Acoustic Bass', 'Vibraphone']"
01 Sample 1.mid,11,"['Violin', 'Acoustic Guitar (nylon)', 'Violin', 'Harpsichord', 'Violin', 'Electric Guitar (clean)', 'Electric Piano 1', 'Harpsichord', 'Electric Piano 1', 'Trumpet', 'Steel Drums']"
01 Sophistication #1.mid,15,"['Electric Piano 1', 'Electric Piano 1', 'Electric Piano 1', 'Violin', 'Church Organ', 'Harpsichord', 'Synth Bass 1', 'Harpsichord', 'Synth Bass 1', 'Acoustic Bass', 'Electric Piano 1', 'Synth Bass 1', 'Violin', 'Church Organ', 'Steel Drums']"
01 Title Screen.mid,3,"['Vibraphone', 'Vibraphone', 'Electric Guitar (clean)']"
01 Title ~ Home Run.mid,4,"['Trumpet', 'Harpsichord', 'Trumpet', 'Harpsichord']"
01 Title.mid,3,"['Clarinet', 'Harpsichord', 'Steel Drums']"
01_Title.mid,9,"['Trumpet', 'Harpsichord', 'Trumpet', 'Harpsichord', 'Electric Piano 1', 'Lead 2 (sawtooth)', 'Lead 2 (sawtooth)', 'Vibraphone', 'Steel Drums']"
"02 - Game de check! Koutsuu Anzen (FM) - Practice, Starting.mid",3,"['Acoustic Grand Piano', 'Acoustic Bass', 'Acoustic Grand Piano']"
02 Area-1 (Graveyard - The Deep Sea).mid,4,"['Electric Piano 1', 'Electric Piano 1', 'Lead 2 (sawtooth)', 'Steel Drums']"
02 Constructor.mid,11,"['Lead 2 (sawtooth)', 'Acoustic Grand Piano', 'Electric Piano 1', 'Lead 2 (sawtooth)', 'Electric Piano 1', 'Harpsichord', 'Lead 2 (sawtooth)', 'Electric Piano 1', 'Harpsichord', 'Lead 2 (sawtooth)', 'Steel Drums']"
02 Game Select.mid,3,"['Lead 2 (sawtooth)', 'Acoustic Grand Piano', 'Lead 2 (sawtooth)']"
02 Ice of Death.mid,8,"['French Horn', 'Vibraphone', 'Trumpet', 'Electric Guitar (clean)', 'French Horn', 'Violin', 'Trumpet', 'Steel Drums']"
02 Mode Select.mid,7,"['Acoustic Grand Piano', 'Acoustic Grand Piano', 'Acoustic Grand Piano', 'Synth Bass 1', 'Harpsichord', 'French Horn', 'Steel Drums']"
02 Moon Light Sonata.mid,5,"['Electric Piano 1', 'Electric Piano 1', 'Electric Piano 1', 'Electric Piano 1', 'Electric Piano 1']"
02 Name Entry.mid,5,"['Trumpet', 'Vibraphone', 'Electric Guitar (clean)', 'Trumpet', 'Steel Drums']"
02 Opening #2.mid,11,"['Vibraphone', 'Electric Guitar (clean)', 'Lead 2 (sawtooth)', 'Trumpet', 'Electric Piano 1', 'Lead 2 (sawtooth)', 'Trumpet', 'Lead 2 (sawtooth)', 'Vibraphone', 'Trumpet', 'Steel Drums']"
02 Opening 1.mid,11,"['Oboe', 'Trumpet', 'Electric Piano 1', 'Clarinet', 'Flute', 'Oboe', 'Electric Piano 1', 'Flute', 'Violin', 'Violin', 'Steel Drums']"
02 Opening Theme 2.mid,15,"['Acoustic Grand Piano', 'Harpsichord', 'Harpsichord', 'Acoustic Grand Piano', 'Acoustic Bass', 'Acoustic Grand Piano', 'French Horn', 'Electric Piano 1', 'Acoustic Guitar (nylon)', 'Acoustic Grand Piano', 'Electric Piano 1', 'Acoustic Bass', 'Acoustic Grand Piano', 'Electric Piano 1', 'Steel Drums']"
02 Play Ball.mid,5,"['Trumpet', 'Harpsichord', 'Trumpet', 'Acoustic Bass', 'Steel Drums']"
02 Prologue DIA51.mid,11,"['Harpsichord', 'Trumpet', 'Lead 2 (sawtooth)', 'Harpsichord', 'Trumpet', 'Lead 2 (sawtooth)', 'Vibraphone', 'Trumpet', 'Acoustic Bass', 'Harpsichord', 'Steel Drums']"
02 Recon Story Demo.mid,2,"['Acoustic Guitar (nylon)', 'Trumpet']"
02 Sample 2.mid,16,"['Harpsichord', 'Oboe', 'Electric Guitar (clean)', 'Lead 2 (sawtooth)', 'Harpsichord', 'Trumpet', 'Oboe', 'Oboe', 'Trumpet', 'Lead 2 (sawtooth)', 'Oboe', 'Trumpet', 'Lead 2 (sawtooth)', 'Church Organ', 'Electric Guitar (clean)', 'Steel Drums']"
02 Select Weapon.mid,9,"['Electric Piano 1', 'Lead 2 (sawtooth)', 'Electric Piano 1', 'Lead 2 (sawtooth)', 'Harpsichord', 'Acoustic Bass', 'Lead 2 (sawtooth)', 'Lead 2 (sawtooth)', 'Steel Drums']"
02 Start Demo.mid,6,"['Electric Guitar (clean)', 'Acoustic Bass', 'Violin', 'Violin', 'Vibraphone', 'Steel Drums']"
02 Team Select.mid,5,"['Flute', 'French Horn', 'Trumpet', 'Acoustic Bass', 'Steel Drums']"
02 Technotris.mid,6,"['Vibraphone', 'Lead 2 (sawtooth)', 'Flute', 'Flute', 'Electric Guitar (clean)', 'Steel Drums']"
02 Title.mid,8,"['Electric Piano 1', 'Harpsichord', 'Synth Bass 1', 'Electric Piano 1', 'Harpsichord', 'Acoustic Guitar (nylon)', 'Electric Piano 1', 'Steel Drums']"
02 User Disk Creation.mid,14,"['French Horn', 'Acoustic Bass', 'Trumpet', 'Clarinet', 'Vibraphone', 'Trumpet', 'Clarinet', 'Vibraphone', 'Acoustic Grand Piano', 'Trumpet', 'Acoustic Grand Piano', 'French Horn', 'Acoustic Grand Piano', 'French Horn']"
02_Map.mid,7,"['Electric Piano 1', 'Acoustic Bass', 'Electric Piano 1', 'French Horn', 'Vibraphone', 'Vibraphone', 'Steel Drums']"
03 - Game de check! Koutsuu Anzen (FM) - Driving Eye.mid,3,"['Vibraphone', 'Acoustic Bass', 'Acoustic Grand Piano']"
03 Car Select.mid,5,"['Trumpet', 'Trumpet', 'Electric Guitar (clean)', 'Vibraphone', 'Steel Drums']"
03 Cold Amoeba.mid,4,"['Acoustic Bass', 'Vibraphone', 'Trumpet', 'Steel Drums']"
03 Game Start.mid,6,"['Trumpet', 'Trumpet', 'Trumpet', 'Trumpet', 'Trumpet', 'Trumpet']"
03 Hyper Drive.mid,6,"['Trumpet', 'Electric Guitar (clean)', 'Acoustic Bass', 'Trumpet', 'Vibraphone', 'Steel Drums']"
03 Life in Space.mid,14,"['Electric Piano 1', 'French Horn', 'Harpsichord', 'Trumpet', 'Electric Piano 1', 'Harpsichord', 'French Horn', 'French Horn', 'Harpsichord', 'Lead 2 (sawtooth)', 'Harpsichord', 'Lead 2 (sawtooth)', 'Acoustic Bass', 'Steel Drums']"
03 Main BGM.mid,4,"['Lead 2 (sawtooth)', 'Harpsichord', 'Electric Guitar (clean)', 'Vibraphone']"
03 Opening 2.mid,8,"['Oboe', 'Electric Piano 1', 'Electric Piano 1', 'Vibraphone', 'Violin', 'Vibraphone', 'Violin', 'Steel Drums']"
03 Opening Theme.mid,20,"['Lead 2 (sawtooth)', 'Trumpet', 'Electric Piano 1', 'Church Organ', 'Church Organ', 'Clarinet', 'Violin', 'Electric Piano 1', 'Church Organ', 'Electric Piano 1', 'Violin', 'Church Organ', 'Clarinet', 'Electric Piano 1', 'Vibraphone', 'Clarinet', 'Electric Piano 1', 'Electric Piano 1', 'Acoustic Bass', 'Steel Drums']"
03 Pit Approach.mid,4,"['Electric Piano 1', 'Electric Piano 1', 'Electric Piano 1', 'Steel Drums']"
03 Practice Makes Perfect.mid,8,"['Lead 2 (sawtooth)', 'Lead 2 (sawtooth)', 'Lead 2 (sawtooth)', 'Acoustic Bass', 'Lead 2 (sawtooth)', 'Acoustic Bass', 'Acoustic Bass', 'Steel Drums']"
03 Ready!.mid,3,"['Trumpet', 'Trumpet', 'Acoustic Bass']"
03 Sample 3.mid,9,"['Violin', 'Violin', 'Violin', 'Violin', 'Harpsichord', 'Electric Piano 1', 'Electric Piano 1', 'Electric Guitar (clean)', 'Flute']"
03 Stage 1.mid,9,"['Trumpet', 'Lead 2 (sawtooth)', 'Acoustic Guitar (nylon)', 'Electric Piano 1', 'Lead 2 (sawtooth)', 'Lead 2 (sawtooth)', 'Harpsichord', 'Lead 2 (sawtooth)', 'Steel Drums']"
03 Title Screen.mid,5,"['Acoustic Guitar (nylon)', 'Electric Piano 1', 'Acoustic Bass', 'Electric Piano 1', 'Steel Drums']"
03 Traditional Bar.mid,7,"['Flute', 'Flute', 'Harpsichord', 'Harpsichord', 'Electric Guitar (clean)', 'Vibraphone', 'Flute']"
03 Tuning Mode.mid,5,"['Synth Bass 1', 'Lead 2 (sawtooth)', 'Lead 2 (sawtooth)', 'Lead 2 (sawtooth)', 'Steel Drums']"
03 Utility.mid,7,"['Flute', 'Flute', 'Acoustic Bass', 'Vibraphone', 'Vibraphone', 'Flute', 'Vibraphone']"
03_Palm.mid,7,"['Acoustic Bass', 'Electric Piano 1', 'Electric Piano 1', 'Electric Piano 1', 'Trumpet', 'Trumpet', 'Steel Drums']"
04 - Game de check! Koutsuu Anzen (FM) - Speed Sense.mid,3,"['Vibraphone', 'Acoustic Bass', 'Clarinet']"
"04 Act 1, 6.mid",8,"['Trumpet', 'Violin', 'Violin', 'Lead 2 (sawtooth)', 'Acoustic Grand Piano', 'Acoustic Grand Piano', 'Electric Guitar (clean)', 'Steel Drums']"
04 Chance BGM.mid,4,"['Harpsichord', 'Lead 2 (sawtooth)', 'Harpsichord', 'Lead 2 (sawtooth)']"
04 Course Overview.mid,4,"['Acoustic Bass', 'Electric Piano 1', 'Electric Piano 1', 'Steel Drums']"
04 Driver Info.mid,5,"['Trumpet', 'Trumpet', 'Electric Guitar (clean)', 'Vibraphone', 'Steel Drums']"
04 Interlude.mid,6,"['Electric Guitar (clean)', 'Acoustic Grand Piano', 'Acoustic Grand Piano', 'Acoustic Grand Piano', 'Violin', 'Steel Drums']"
04 Level Clear.mid,7,"['Electric Piano 1', 'Electric Piano 1', 'Electric Piano 1', 'Electric Piano 1', 'Electric Piano 1', 'Acoustic Bass', 'Steel Drums']"
04 Main BGM.mid,6,"['Clarinet', 'Vibraphone', 'Trumpet', 'Vibraphone', 'Acoustic Bass', 'Harpsichord']"
04 Metal Creature A.mid,4,"['Electric Piano 1', 'Electric Piano 1', 'Electric Piano 1', 'Steel Drums']"
04 Metropolis (Area 1).mid,11,"['Trumpet', 'Harpsichord', 'Trumpet', 'Harpsichord', 'Lead 2 (sawtooth)', 'Harpsichord', 'Trumpet', 'Vibraphone', 'Acoustic Bass', 'Harpsichord', 'Steel Drums']"
"04 Player - Stage Select, Parameter Set.mid",4,"['Acoustic Bass', 'Electric Piano 1', 'Harpsichord', 'Steel Drums']"
04 Sample 4.mid,9,"['Electric Guitar (clean)', 'Violin', 'Violin', 'Trumpet', 'Violin', 'Trumpet', 'Violin', 'French Horn', 'Steel Drums']"
04 Stage 2.mid,11,"['Electric Piano 1', 'Harpsichord', 'Electric Piano 1', 'Lead 2 (sawtooth)', 'Harpsichord', 'Electric Piano 1', 'Harpsichord', 'Electric Piano 1', 'Acoustic Guitar (nylon)', 'Electric Guitar (clean)', 'Steel Drums']"
04 The March of Heroes.mid,6,"['Trumpet', 'Trumpet', 'Trumpet', 'Flute', 'Acoustic Bass', 'Flute']"
04 Title-Ending.mid,14,"['Electric Piano 1', 'Violin', 'Electric Piano 1', 'Violin', 'Electric Piano 1', 'Violin', 'Flute', 'Electric Piano 1', 'Violin', 'Electric Piano 1', 'Trumpet', 'Trumpet', 'Acoustic Bass', 'Steel Drums']"
04 Turn on The Run.mid,13,"['Acoustic Grand Piano', 'Trumpet', 'Acoustic Grand Piano', 'Trumpet', 'Vibraphone', 'French Horn', 'Trumpet', 'Acoustic Grand Piano', 'Trumpet', 'Vibraphone', 'Vibraphone', 'Acoustic Bass', 'Steel Drums']"
04 Warp.mid,4,"['Oboe', 'Violin', 'Violin', 'Violin']"
04_Battle.mid,7,"['Acoustic Bass', 'Synth Bass 1', 'Electric Piano 1', 'Electric Piano 1', 'Church Organ', 'Church Organ', 'Steel Drums']"
05 - Game de check! Koutsuu Anzen (FM) - Driving Technique.mid,3,"['Acoustic Grand Piano', 'Acoustic Bass', 'Clarinet']"
05 Area Clear.mid,5,"['Electric Piano 1', 'Electric Piano 1', 'Electric Piano 1', 'Electric Piano 1', 'Steel Drums']"
05 Colonel Claud (Miniboss).mid,20,"['Electric Piano 1', 'Oboe', 'Vibraphone', 'Vibraphone', 'Trumpet', 'French Horn', 'Church Organ', 'Acoustic Bass', 'Lead 2 (sawtooth)', 'Electric Piano 1', 'Lead 2 (sawtooth)', 'Harpsichord', 'Trumpet', 'Trumpet', 'Vibraphone', 'Lead 2 (sawtooth)', 'Trumpet', 'Harpsichord', 'Acoustic Bass', 'Steel Drums']"
05 Demon War.mid,6,"['Electric Piano 1', 'Electric Piano 1', 'Electric Piano 1', 'Electric Piano 1', 'Acoustic Bass', 'Steel Drums']"
05 Forest.mid,6,"['Acoustic Bass', 'Electric Piano 1', 'Acoustic Guitar (nylon)', 'Vibraphone', 'Electric Piano 1', 'Steel Drums']"
05 Game Set.mid,4,"['Lead 2 (sawtooth)', 'Trumpet', 'Acoustic Grand Piano', 'Harpsichord']"
05 Mad Flame.mid,4,"['Acoustic Bass', 'Trumpet', 'Trumpet', 'Steel Drums']"
05 Mission 1 - Practice.mid,17,"['Trumpet', 'Electric Piano 1', 'Lead 2 (sawtooth)', 'Violin', 'Trumpet', 'Electric Piano 1', 'Lead 2 (sawtooth)', 'Church Organ', 'Acoustic Bass', 'Acoustic Grand Piano', 'Trumpet', 'Electric Piano 1', 'Violin', 'Vibraphone', 'Electric Piano 1', 'Violin', 'Steel Drums']"
05 Old Master_s House.mid,7,"['Vibraphone', 'Violin', 'Flute', 'Flute', 'Electric Piano 1', 'Electric Piano 1', 'Electric Piano 1']"
05 Out of Rap.mid,8,"['Trumpet', 'Trumpet', 'Trumpet', 'Flute', 'Acoustic Bass', 'Vibraphone', 'Acoustic Bass', 'Steel Drums']"
05 Sample 5.mid,8,"['Electric Guitar (clean)', 'Electric Piano 1', 'Oboe', 'Violin', 'Oboe', 'Harpsichord', 'Violin', 'Steel Drums']"
05 Scramble Story Demo.mid,2,"['Clarinet', 'Harpsichord']"
05 Setting.mid,5,"['French Horn', 'Harpsichord', 'Synth Bass 1', 'Harpsichord', 'Steel Drums']"
05 Stage 3.mid,11,"['Electric Piano 1', 'Electric Piano 1', 'Oboe', 'Acoustic Grand Piano', 'Lead 2 (sawtooth)', 'Electric Piano 1', 'Acoustic Grand Piano', 'Lead 2 (sawtooth)', 'Vibraphone', 'Acoustic Guitar (nylon)', 'Steel Drums']"
05 Stage-1.mid,6,"['Lead 2 (sawtooth)', 'Harpsichord', 'Vibraphone', 'Lead 2 (sawtooth)', 'Trumpet', 'Steel Drums']"
05 Street Fighter (Sub Boss).mid,5,"['Harpsichord', 'Flute', 'Vibraphone', 'Electric Guitar (clean)', 'Harpsichord']"
05 Time.mid,5,"['Synth Bass 1', 'Vibraphone', 'Synth Bass 1', 'Flute', 'Acoustic Bass']"
05 Town.mid,15,"['Clarinet', 'Oboe', 'French Horn', 'Clarinet', 'French Horn', 'Acoustic Bass', 'Church Organ', 'Acoustic Grand Piano', 'French Horn', 'Acoustic Grand Piano', 'French Horn', 'Acoustic Grand Piano', 'French Horn', 'Clarinet', 'Acoustic Grand Piano']"
05 Victory.mid,7,"['Electric Piano 1', 'Electric Piano 1', 'Electric Piano 1', 'Acoustic Bass', 'Acoustic Guitar (nylon)', 'Electric Piano 1', 'Steel Drums']"
05_Death.mid,7,"['Oboe', 'Electric Piano 1', 'Oboe', 'Acoustic Bass', 'Synth Bass 1', 'Electric Piano 1', 'Steel Drums']"
06 - Game de check! Koutsuu Anzen (FM) - Risk Control.mid,3,"['Acoustic Grand Piano', 'Electric Guitar (clean)', 'Acoustic Grand Piano']"
06 Area-2 (Lost World - The Island).mid,4,"['Electric Piano 1', 'Electric Piano 1', 'Electric Guitar (clean)', 'Steel Drums']"
06 Beyond the Dimension.mid,5,"['Acoustic Bass', 'Vibraphone', 'Violin', 'Trumpet', 'Steel Drums']"
06 Boss 1.mid,15,"['Lead 2 (sawtooth)', 'Electric Piano 1', 'Church Organ', 'Violin', 'Electric Piano 1', 'Church Organ', 'Lead 2 (sawtooth)', 'Acoustic Bass', 'Trumpet', 'Church Organ', 'Vibraphone', 'Trumpet', 'Church Organ', 'Vibraphone', 'Steel Drums']"
06 Boss.mid,5,"['Electric Guitar (clean)', 'Lead 2 (sawtooth)', 'Synth Bass 1', 'Electric Guitar (clean)', 'Steel Drums']"
06 Celebration 2.mid,8,"['Trumpet', 'Trumpet', 'Trumpet', 'Violin', 'Violin', 'Violin', 'Violin', 'Steel Drums']"
06 Cemetery.mid,4,"['Acoustic Bass', 'Electric Piano 1', 'Electric Piano 1', 'Steel Drums']"
06 Chance BGM.mid,3,"['Trumpet', 'Trumpet', 'Trumpet']"
06 Crisis Area.mid,9,"['Electric Piano 1', 'Trumpet', 'Lead 2 (sawtooth)', 'Trumpet', 'Acoustic Bass', 'Lead 2 (sawtooth)', 'Acoustic Bass', 'Vibraphone', 'Steel Drums']"
06 Dass XXX.mid,11,"['Electric Piano 1', 'Electric Piano 1', 'Electric Piano 1', 'Acoustic Guitar (nylon)', 'Acoustic Bass', 'Electric Piano 1', 'Acoustic Guitar (nylon)', 'Harpsichord', 'Electric Piano 1', 'Acoustic Guitar (nylon)', 'Steel Drums']"
06 Fearless Church.mid,5,"['Flute', 'Electric Piano 1', 'Electric Piano 1', 'Electric Piano 1', 'Trumpet']"
06 Field.mid,23,"['Harpsichord', 'Trumpet', 'Clarinet', 'Harpsichord', 'Trumpet', 'Clarinet', 'Acoustic Bass', 'Acoustic Grand Piano', 'Church Organ', 'Flute', 'Vibraphone', 'Acoustic Grand Piano', 'Church Organ', 'Flute', 'Vibraphone', 'Flute', 'Trumpet', 'Oboe', 'Vibraphone', 'Acoustic Grand Piano', 'Flute', 'Vibraphone', 'Oboe']"
06 Hot Road.mid,6,"['Trumpet', 'Trumpet', 'French Horn', 'French Horn', 'Acoustic Bass', 'Steel Drums']"
06 Rapid Turning (Area Boss).mid,5,"['Harpsichord', 'Harpsichord', 'Vibraphone', 'Acoustic Bass', 'Steel Drums']"
06 Select Your Tactics!.mid,6,"['Trumpet', 'Harpsichord', 'Trumpet', 'Acoustic Bass', 'Harpsichord', 'Steel Drums']"
06 Staff Roll.mid,11,"['Acoustic Bass', 'Vibraphone', 'Vibraphone', 'Vibraphone', 'Flute', 'Acoustic Guitar (nylon)', 'Harpsichord', 'French Horn', 'Clarinet', 'Flute', 'Steel Drums']"
06 Stage 4.mid,9,"['Harpsichord', 'Electric Piano 1', 'Vibraphone', 'Lead 2 (sawtooth)', 'Lead 2 (sawtooth)', 'Acoustic Grand Piano', 'Lead 2 (sawtooth)', 'Acoustic Guitar (nylon)', 'Steel Drums']"
06 Unknown.mid,5,"['Trumpet', 'Trumpet', 'Synth Bass 1', 'Vibraphone', 'Steel Drums']"
06_Over.mid,7,"['Electric Piano 1', 'Electric Piano 1', 'Acoustic Bass', 'Flute', 'Flute', 'Violin', 'Steel Drums']"
07 - Game de check! Koutsuu Anzen (FM) - You_re The Best Driver.mid,6,"['Acoustic Grand Piano', 'Clarinet', 'Acoustic Bass', 'Clarinet', 'Flute', 'Flute']"
07 Change 1.mid,4,"['Acoustic Grand Piano', 'Vibraphone', 'Acoustic Grand Piano', 'Electric Guitar (clean)']"
07 Clear #1.mid,6,"['Trumpet', 'Acoustic Bass', 'French Horn', 'Trumpet', 'French Horn', 'Steel Drums']"
07 Dungeon.mid,14,"['Acoustic Grand Piano', 'Church Organ', 'Flute', 'Acoustic Grand Piano', 'Church Organ', 'Flute', 'French Horn', 'Vibraphone', 'Clarinet', 'Vibraphone', 'Clarinet', 'Acoustic Grand Piano', 'Vibraphone', 'Church Organ']"
07 Get the Luck.mid,6,"['Trumpet', 'Acoustic Bass', 'Trumpet', 'Harpsichord', 'Trumpet', 'Steel Drums']"
07 Go Ahead (Area Clear).mid,4,"['Trumpet', 'Trumpet', 'Acoustic Bass', 'Steel Drums']"
07 Love in Space.mid,10,"['Electric Piano 1', 'Electric Piano 1', 'Acoustic Guitar (nylon)', 'Acoustic Bass', 'Electric Piano 1', 'Clarinet', 'Lead 2 (sawtooth)', 'Acoustic Bass', 'Clarinet', 'Steel Drums']"
07 Make What Haste You Can!.mid,10,"['Lead 2 (sawtooth)', 'Harpsichord', 'Trumpet', 'Acoustic Grand Piano', 'Trumpet', 'Lead 2 (sawtooth)', 'Trumpet', 'Harpsichord', 'Trumpet', 'Steel Drums']"
07 Metal Creature B.mid,4,"['Electric Piano 1', 'Electric Piano 1', 'Electric Piano 1', 'Steel Drums']"
07 Mission 2.mid,14,"['Electric Piano 1', 'Violin', 'Electric Piano 1', 'Violin', 'Acoustic Bass', 'Church Organ', 'Vibraphone', 'Violin', 'Flute', 'Flute', 'Electric Piano 1', 'Church Organ', 'Vibraphone', 'Steel Drums']"
07 Ruins.mid,6,"['Acoustic Bass', 'Electric Piano 1', 'Church Organ', 'Lead 2 (sawtooth)', 'Electric Piano 1', 'Steel Drums']"
07 Solvalou.mid,2,"['Vibraphone', 'Acoustic Guitar (nylon)']"
07 Stage 5.mid,11,"['Trumpet', 'Acoustic Grand Piano', 'Flute', 'Lead 2 (sawtooth)', 'Electric Piano 1', 'Trumpet', 'Lead 2 (sawtooth)', 'Acoustic Grand Piano', 'Flute', 'Trumpet', 'Steel Drums']"
07_Bonus.mid,11,"['Vibraphone', 'Electric Piano 1', 'Vibraphone', 'Electric Piano 1', 'Vibraphone', 'Electric Piano 1', 'Electric Piano 1', 'Clarinet', 'Violin', 'Clarinet', 'Steel Drums']"
08 - Game de check! Koutsuu Anzen (FM) - Game Over.mid,3,"['Vibraphone', 'Acoustic Bass', 'Acoustic Grand Piano']"
"08 Act 2, 7.mid",18,"['Acoustic Grand Piano', 'Harpsichord', 'Lead 2 (sawtooth)', 'Violin', 'Vibraphone', 'Trumpet', 'Electric Piano 1', 'Harpsichord', 'Lead 2 (sawtooth)', 'Church Organ', 'Trumpet', 'Harpsichord', 'Violin', 'Violin', 'Lead 2 (sawtooth)', 'Lead 2 (sawtooth)', 'Harpsichord', 'Steel Drums']"
08 Battle.mid,9,"['Lead 2 (sawtooth)', 'Clarinet', 'Lead 2 (sawtooth)', 'Acoustic Bass', 'Acoustic Grand Piano', 'Acoustic Grand Piano', 'Acoustic Grand Piano', 'Flute', 'Acoustic Guitar (nylon)']"
08 Big Don.mid,11,"['Acoustic Grand Piano', 'Trumpet', 'Acoustic Grand Piano', 'Harpsichord', 'Lead 2 (sawtooth)', 'Acoustic Grand Piano', 'Harpsichord', 'Lead 2 (sawtooth)', 'Lead 2 (sawtooth)', 'Acoustic Grand Piano', 'Steel Drums']"
08 Boss 1.mid,11,"['Lead 2 (sawtooth)', 'Synth Bass 1', 'Lead 2 (sawtooth)', 'Synth Bass 1', 'Electric Piano 1', 'Trumpet', 'Synth Bass 1', 'Trumpet', 'Synth Bass 1', 'Synth Bass 1', 'Steel Drums']"
08 Boss 2.mid,11,"['Electric Piano 1', 'Violin', 'Trumpet', 'Electric Piano 1', 'Violin', 'Trumpet', 'Acoustic Bass', 'Vibraphone', 'Church Organ', 'Trumpet', 'Steel Drums']"
08 Change 2.mid,5,"['Trumpet', 'Vibraphone', 'Lead 2 (sawtooth)', 'Vibraphone', 'Acoustic Bass']"
08 Flying on a String.mid,11,"['Electric Piano 1', 'Electric Piano 1', 'Electric Piano 1', 'Electric Piano 1', 'Lead 2 (sawtooth)', 'Violin', 'Acoustic Bass', 'Violin', 'Lead 2 (sawtooth)', 'Acoustic Bass', 'Steel Drums']"
08 Inorganic Beat.mid,5,"['Acoustic Bass', 'Harpsichord', 'French Horn', 'Violin', 'Steel Drums']"
08 Rocks.mid,8,"['Acoustic Bass', 'Acoustic Grand Piano', 'Electric Piano 1', 'Lead 2 (sawtooth)', 'Vibraphone', 'Electric Piano 1', 'Harpsichord', 'Steel Drums']"
08 Solgrado.mid,3,"['Church Organ', 'Oboe', 'Harpsichord']"
08 Stage-2.mid,11,"['Harpsichord', 'Flute', 'French Horn', 'Acoustic Bass', 'Harpsichord', 'Flute', 'French Horn', 'Harpsichord', 'Flute', 'French Horn', 'Steel Drums']"
08 The Challenger (Area 2).mid,6,"['Lead 2 (sawtooth)', 'Vibraphone', 'Lead 2 (sawtooth)', 'Vibraphone', 'Acoustic Bass', 'Steel Drums']"
08 Travelers Inn (Disappearance of the King_s Scepter).mid,5,"['Acoustic Grand Piano', 'Acoustic Grand Piano', 'Acoustic Grand Piano', 'Acoustic Grand Piano', 'Acoustic Grand Piano']"
08 Village-Town.mid,10,"['Electric Piano 1', 'Electric Piano 1', 'Electric Piano 1', 'Violin', 'Lead 2 (sawtooth)', 'Violin', 'Lead 2 (sawtooth)', 'Oboe', 'Acoustic Bass', 'Steel Drums']"
08 Visual Alien (Visual Scene 1).mid,5,"['Electric Piano 1', 'Electric Piano 1', 'Electric Piano 1', 'Electric Piano 1', 'Steel Drums']"
08_Ice.mid,9,"['Lead 2 (sawtooth)', 'Acoustic Guitar (nylon)', 'Vibraphone', 'Acoustic Guitar (nylon)', 'Vibraphone', 'Electric Piano 1', 'Electric Piano 1', 'Acoustic Bass', 'Steel Drums']"
09 - Game de check! Koutsuu Anzen (FM) - Pyonkichi_s Adventure.mid,3,"['Vibraphone', 'Acoustic Bass', 'Clarinet']"
09 Act 3.mid,13,"['Harpsichord', 'Acoustic Guitar (nylon)', 'Acoustic Bass', 'Harpsichord', 'Violin', 'Electric Piano 1', 'Violin', 'Electric Piano 1', 'Violin', 'Electric Piano 1', 'Violin', 'Electric Piano 1', 'Steel Drums']"
09 Area-3 (Electric Woods - The Fortress City).mid,4,"['Acoustic Guitar (nylon)', 'Acoustic Guitar (nylon)', 'Electric Piano 1', 'Steel Drums']"
09 Bio-Monster.mid,5,"['Acoustic Bass', 'Trumpet', 'Harpsichord', 'Trumpet', 'Steel Drums']"
09 Cavern.mid,8,"['Acoustic Bass', 'Electric Piano 1', 'Electric Piano 1', 'Harpsichord', 'Acoustic Grand Piano', 'Electric Piano 1', 'Harpsichord', 'Steel Drums']"
09 Change 3.mid,4,"['Acoustic Grand Piano', 'Vibraphone', 'Lead 2 (sawtooth)', 'Acoustic Bass']"
09 Clear.mid,6,"['Trumpet', 'Trumpet', 'French Horn', 'French Horn', 'Oboe', 'Steel Drums']"
09 Glory.mid,9,"['Acoustic Grand Piano', 'Vibraphone', 'Acoustic Guitar (nylon)', 'Trumpet', 'Acoustic Grand Piano', 'Vibraphone', 'Acoustic Guitar (nylon)', 'Acoustic Bass', 'Steel Drums']"
09 Level 5.mid,13,"['Clarinet', 'Trumpet', 'Acoustic Bass', 'Electric Piano 1', 'Trumpet', 'Electric Piano 1', 'Acoustic Guitar (nylon)', 'Vibraphone', 'Acoustic Guitar (nylon)', 'Electric Piano 1', 'Vibraphone', 'Acoustic Guitar (nylon)', 'Steel Drums']"
09 Mission 3.mid,10,"['Electric Piano 1', 'Church Organ', 'Electric Piano 1', 'Acoustic Bass', 'Violin', 'Acoustic Grand Piano', 'Clarinet', 'Acoustic Grand Piano', 'Clarinet', 'Steel Drums']"
09 Neargead Castle.mid,19,"['Flute', 'Acoustic Guitar (nylon)', 'Flute', 'French Horn', 'Vibraphone', 'French Horn', 'French Horn', 'Oboe', 'Flute', 'Vibraphone', 'Flute', 'Oboe', 'Vibraphone', 'Flute', 'Oboe', 'French Horn', 'Vibraphone', 'French Horn', 'Vibraphone']"
09 Stage-3.mid,7,"['Harpsichord', 'French Horn', 'Electric Guitar (clean)', 'Harpsichord', 'French Horn', 'Harpsichord', 'Steel Drums']"
09 Tension of Dark Side (Area 3).mid,5,"['Lead 2 (sawtooth)', 'Lead 2 (sawtooth)', 'Lead 2 (sawtooth)', 'Harpsichord', 'Steel Drums']"
09 Zeodalley.mid,4,"['Vibraphone', 'Electric Guitar (clean)', 'Acoustic Guitar (nylon)', 'Harpsichord']"
09_Ruins.mid,7,"['Electric Piano 1', 'Electric Piano 1', 'Acoustic Bass', 'Lead 2 (sawtooth)', 'Lead 2 (sawtooth)', 'Lead 2 (sawtooth)', 'Steel Drums']"
10 - Game de check! Koutsuu Anzen (FM) - Pyonko-Chan - Well Done.mid,3,"['Church Organ', 'Acoustic Bass', 'Flute']"
10 Act 4.mid,27,"['Electric Guitar (clean)', 'Oboe', 'Trumpet', 'Acoustic Bass', 'Electric Guitar (clean)', 'Vibraphone', 'Lead 2 (sawtooth)', 'Harpsichord', 'Trumpet', 'Harpsichord', 'Lead 2 (sawtooth)', 'Flute', 'Violin', 'Trumpet', 'Lead 2 (sawtooth)', 'Vibraphone', 'Electric Guitar (clean)', 'Trumpet', 'Harpsichord', 'Lead 2 (sawtooth)', 'Acoustic Grand Piano', 'Vibraphone', 'Harpsichord', 'Electric Piano 1', 'Vibraphone', 'Trumpet', 'Steel Drums']"
10 Area-4 (Clouds - The Air Castle).mid,4,"['Electric Piano 1', 'Harpsichord', 'Lead 2 (sawtooth)', 'Steel Drums']"
10 Boss 3.mid,10,"['Electric Piano 1', 'Vibraphone', 'Violin', 'Electric Piano 1', 'Church Organ', 'Acoustic Bass', 'Electric Piano 1', 'Church Organ', 'Electric Piano 1', 'Steel Drums']"
10 Castle.mid,11,"['Trumpet', 'Clarinet', 'Trumpet', 'Clarinet', 'Acoustic Bass', 'French Horn', 'Acoustic Guitar (nylon)', 'Flute', 'French Horn', 'French Horn', 'Acoustic Guitar (nylon)']"
10 Demo 1.mid,24,"['Lead 2 (sawtooth)', 'Trumpet', 'Electric Piano 1', 'Lead 2 (sawtooth)', 'Trumpet', 'Electric Piano 1', 'Lead 2 (sawtooth)', 'Violin', 'Trumpet', 'Electric Piano 1', 'Acoustic Grand Piano', 'Violin', 'Lead 2 (sawtooth)', 'Trumpet', 'Electric Piano 1', 'Acoustic Grand Piano', 'Violin', 'Lead 2 (sawtooth)', 'Trumpet', 'Electric Guitar (clean)', 'Electric Piano 1', 'Trumpet', 'Oboe', 'Steel Drums']"
10 Dungeon.mid,7,"['Acoustic Bass', 'Electric Piano 1', 'Vibraphone', 'Lead 2 (sawtooth)', 'Electric Piano 1', 'Lead 2 (sawtooth)', 'Steel Drums']"
10 Ending.mid,7,"['Electric Piano 1', 'Acoustic Grand Piano', 'Acoustic Grand Piano', 'Acoustic Grand Piano', 'Trumpet', 'Clarinet', 'Steel Drums']"
10 Game Set (Won).mid,6,"['Trumpet', 'Trumpet', 'Harpsichord', 'Acoustic Bass', 'Lead 2 (sawtooth)', 'Steel Drums']"
10 GAMP Mission.mid,2,"['Lead 2 (sawtooth)', 'Acoustic Bass']"
10 Light Step.mid,15,"['Acoustic Grand Piano', 'Lead 2 (sawtooth)', 'Trumpet', 'Acoustic Grand Piano', 'Acoustic Grand Piano', 'Lead 2 (sawtooth)', 'Trumpet', 'Harpsichord', 'Acoustic Grand Piano', 'Lead 2 (sawtooth)', 'Trumpet', 'Harpsichord', 'Lead 2 (sawtooth)', 'Acoustic Grand Piano', 'Steel Drums']"
10 Return of Peace.mid,10,"['Acoustic Bass', 'Trumpet', 'Trumpet', 'French Horn', 'Clarinet', 'Trumpet', 'Flute', 'Trumpet', 'Trumpet', 'Steel Drums']"
10 Stage-4.mid,16,"['Lead 2 (sawtooth)', 'French Horn', 'Trumpet', 'Electric Guitar (clean)', 'Electric Guitar (clean)', 'Lead 2 (sawtooth)', 'French Horn', 'Vibraphone', 'Electric Guitar (clean)', 'French Horn', 'Trumpet', 'Vibraphone', 'Lead 2 (sawtooth)', 'Trumpet', 'Electric Guitar (clean)', 'Steel Drums']"
10 The Devastation (Area 4).mid,5,"['Violin', 'Lead 2 (sawtooth)', 'Violin', 'Acoustic Bass', 'Steel Drums']"
10 Underground Dungeon (The Lost Talisman).mid,10,"['Lead 2 (sawtooth)', 'Acoustic Guitar (nylon)', 'Electric Guitar (clean)', 'Acoustic Grand Piano', 'Clarinet', 'Lead 2 (sawtooth)', 'Acoustic Guitar (nylon)', 'Electric Guitar (clean)', 'Acoustic Grand Piano', 'Clarinet']"
10_Forest.mid,8,"['Acoustic Bass', 'French Horn', 'Trumpet', 'French Horn', 'Electric Piano 1', 'Electric Piano 1', 'Electric Piano 1', 'Steel Drums']"
11 - Game de check! Koutsuu Anzen (FM) - Pyonko-Chan - Try Harder Next Time.mid,5,"['Church Organ', 'Acoustic Bass', 'Flute', 'Acoustic Grand Piano', 'Acoustic Grand Piano']"
"11 Act 5, 8.mid",18,"['Lead 2 (sawtooth)', 'Church Organ', 'Harpsichord', 'Electric Piano 1', 'Electric Guitar (clean)', 'Lead 2 (sawtooth)', 'French Horn', 'Lead 2 (sawtooth)', 'Trumpet', 'Lead 2 (sawtooth)', 'Vibraphone', 'Acoustic Bass', 'Vibraphone', 'Church Organ', 'Lead 2 (sawtooth)', 'Trumpet', 'Acoustic Guitar (nylon)', 'Steel Drums']"
11 Boss.mid,6,"['Acoustic Bass', 'Church Organ', 'Harpsichord', 'Church Organ', 'Electric Piano 1', 'Steel Drums']"
11 Calm Feeling.mid,15,"['Vibraphone', 'Trumpet', 'Flute', 'Vibraphone', 'Flute', 'Acoustic Guitar (nylon)', 'Vibraphone', 'Flute', 'Acoustic Guitar (nylon)', 'Vibraphone', 'Flute', 'Acoustic Guitar (nylon)', 'Acoustic Bass', 'Vibraphone', 'Steel Drums']"
11 Ending.mid,6,"['Trumpet', 'Harpsichord', 'Trumpet', 'Acoustic Bass', 'Harpsichord', 'Steel Drums']"
11 Game Set (Draw).mid,6,"['Trumpet', 'Synth Bass 1', 'Trumpet', 'Lead 2 (sawtooth)', 'Acoustic Bass', 'Acoustic Bass']"
11 Milly_s Theme.mid,8,"['Electric Piano 1', 'Clarinet', 'Flute', 'Trumpet', 'Violin', 'Trumpet', 'Acoustic Bass', 'Steel Drums']"
11 Mission 4.mid,9,"['French Horn', 'French Horn', 'Acoustic Bass', 'Violin', 'Flute', 'Flute', 'Vibraphone', 'Electric Piano 1', 'Steel Drums']"
11 Sadness.mid,11,"['Flute', 'Clarinet', 'Vibraphone', 'Electric Guitar (clean)', 'Church Organ', 'Church Organ', 'Acoustic Grand Piano', 'Acoustic Grand Piano', 'Flute', 'Flute', 'Clarinet']"
11 Sophistication #3.mid,14,"['Electric Piano 1', 'Electric Piano 1', 'Acoustic Grand Piano', 'Electric Piano 1', 'Lead 2 (sawtooth)', 'Synth Bass 1', 'Electric Piano 1', 'Trumpet', 'Trumpet', 'Acoustic Bass', 'Acoustic Grand Piano', 'Trumpet', 'Acoustic Guitar (nylon)', 'Steel Drums']"
11 Stage 6.mid,11,"['Electric Piano 1', 'Electric Piano 1', 'Synth Bass 1', 'Lead 2 (sawtooth)', 'Acoustic Grand Piano', 'Violin', 'Lead 2 (sawtooth)', 'Violin', 'Lead 2 (sawtooth)', 'Acoustic Guitar (nylon)', 'Steel Drums']"
11 Stage-5.mid,10,"['Lead 2 (sawtooth)', 'Electric Guitar (clean)', 'Electric Guitar (clean)', 'Violin', 'Electric Guitar (clean)', 'Violin', 'Lead 2 (sawtooth)', 'Harpsichord', 'Trumpet', 'Steel Drums']"
11 The Solitude (Area 5).mid,5,"['Lead 2 (sawtooth)', 'Lead 2 (sawtooth)', 'Lead 2 (sawtooth)', 'Acoustic Bass', 'Steel Drums']"
11 Visual Theme of Stacy (Visual Scene 2).mid,5,"['Electric Piano 1', 'Electric Piano 1', 'Electric Piano 1', 'Electric Piano 1', 'Steel Drums']"
11 Voice of God.mid,19,"['French Horn', 'Acoustic Guitar (nylon)', 'Oboe', 'Flute', 'French Horn', 'Acoustic Guitar (nylon)', 'Oboe', 'Flute', 'French Horn', 'Trumpet', 'Flute', 'Trumpet', 'Flute', 'Flute', 'Vibraphone', 'Flute', 'French Horn', 'Acoustic Grand Piano', 'Acoustic Grand Piano']"
11 Your Rank.mid,9,"['Trumpet', 'French Horn', 'Trumpet', 'Trumpet', 'Vibraphone', 'Trumpet', 'Flute', 'French Horn', 'Steel Drums']"
11_Complete.mid,6,"['Trumpet', 'Acoustic Bass', 'Lead 2 (sawtooth)', 'Lead 2 (sawtooth)', 'Electric Piano 1', 'Steel Drums']"
12 - Game de check! Koutsuu Anzen (FM) - Alex Kidd Jingle (unused).mid,3,"['Acoustic Bass', 'Acoustic Bass', 'Trumpet']"
12 Aerial Castle Appearance.mid,10,"['Clarinet', 'Flute', 'French Horn', 'Oboe', 'Flute', 'French Horn', 'Electric Piano 1', 'Electric Piano 1', 'Oboe', 'Steel Drums']"
12 Area-5 (Van Allen - The Alien Attack).mid,4,"['Electric Piano 1', 'Electric Piano 1', 'Electric Piano 1', 'Steel Drums']"
12 Boss 4.mid,8,"['French Horn', 'French Horn', 'Acoustic Bass', 'Vibraphone', 'French Horn', 'Flute', 'Flute', 'Steel Drums']"
12 Continue.mid,7,"['Electric Piano 1', 'Electric Piano 1', 'Acoustic Bass', 'Acoustic Guitar (nylon)', 'Acoustic Guitar (nylon)', 'Church Organ', 'Steel Drums']"
12 Event Clear.mid,8,"['Vibraphone', 'Acoustic Bass', 'Trumpet', 'Trumpet', 'Trumpet', 'French Horn', 'French Horn', 'Flute']"
"12 Game Over (Namco Logo, The Tower of Druaga).mid",6,"['Harpsichord', 'Harpsichord', 'Electric Guitar (clean)', 'Vibraphone', 'Vibraphone', 'Trumpet']"
12 Game Set (Lose).mid,5,"['Trumpet', 'Trumpet', 'Oboe', 'French Horn', 'Steel Drums']"
12 Red Zone (Area 6).mid,5,"['Trumpet', 'Vibraphone', 'French Horn', 'Acoustic Bass', 'Steel Drums']"
12 Stage 7.mid,9,"['Electric Piano 1', 'Harpsichord', 'Electric Piano 1', 'Acoustic Grand Piano', 'Electric Piano 1', 'Harpsichord', 'Harpsichord', 'Acoustic Guitar (nylon)', 'Steel Drums']"
12 Stage Clear.mid,3,"['Electric Piano 1', 'Harpsichord', 'Harpsichord']"
12 Stage-6.mid,10,"['Harpsichord', 'Trumpet', 'Vibraphone', 'Lead 2 (sawtooth)', 'French Horn', 'French Horn', 'Harpsichord', 'Trumpet', 'Synth Bass 1', 'Steel Drums']"
12 Ultimate Weapon (Last Boss).mid,7,"['Vibraphone', 'Vibraphone', 'Vibraphone', 'Vibraphone', 'Acoustic Guitar (nylon)', 'Acoustic Grand Piano', 'Steel Drums']"
12_Credits.mid,7,"['Electric Piano 1', 'Lead 2 (sawtooth)', 'Lead 2 (sawtooth)', 'Lead 2 (sawtooth)', 'Acoustic Guitar (nylon)', 'Acoustic Guitar (nylon)', 'Steel Drums']"
13 Area-6 (What_s Goin_on in the Chase).mid,4,"['Electric Piano 1', 'Electric Piano 1', 'Electric Piano 1', 'Steel Drums']"
13 Demo.mid,5,"['Electric Piano 1', 'Acoustic Bass', 'Electric Piano 1', 'Harpsichord', 'Electric Piano 1']"
13 Don_t Cry Hi-Yah (Area 7).mid,5,"['Trumpet', 'Lead 2 (sawtooth)', 'Trumpet', 'Acoustic Bass', 'Steel Drums']"
13 Drunkard.mid,6,"['Clarinet', 'Clarinet', 'Electric Guitar (clean)', 'Acoustic Grand Piano', 'Acoustic Grand Piano', 'Clarinet']"
13 Ending #1.mid,8,"['Harpsichord', 'Trumpet', 'French Horn', 'Trumpet', 'Electric Guitar (clean)', 'Vibraphone', 'Harpsichord', 'Steel Drums']"
13 Game Over.mid,4,"['Acoustic Grand Piano', 'Trumpet', 'Acoustic Bass', 'Steel Drums']"
13 Mission 5.mid,6,"['Lead 2 (sawtooth)', 'Lead 2 (sawtooth)', 'Acoustic Bass', 'Violin', 'Electric Piano 1', 'Steel Drums']"
13 Ship.mid,18,"['Acoustic Grand Piano', 'Flute', 'Vibraphone', 'French Horn', 'Acoustic Grand Piano', 'Flute', 'Vibraphone', 'French Horn', 'Acoustic Bass', 'Clarinet', 'Flute', 'Vibraphone', 'Clarinet', 'Vibraphone', 'Acoustic Grand Piano', 'Flute', 'French Horn', 'Clarinet']"
13 Shooting Scene.mid,7,"['Electric Piano 1', 'Electric Piano 1', 'Electric Piano 1', 'Lead 2 (sawtooth)', 'Electric Piano 1', 'Acoustic Bass', 'Steel Drums']"
13 Staff Roll.mid,20,"['Electric Guitar (clean)', 'Acoustic Grand Piano', 'Trumpet', 'Acoustic Bass', 'Trumpet', 'Acoustic Grand Piano', 'Lead 2 (sawtooth)', 'Church Organ', 'Trumpet', 'Acoustic Grand Piano', 'Lead 2 (sawtooth)', 'Electric Piano 1', 'Lead 2 (sawtooth)', 'French Horn', 'Trumpet', 'Vibraphone', 'Clarinet', 'Acoustic Bass', 'Electric Piano 1', 'Steel Drums']"
13 Stage 8.mid,12,"['Clarinet', 'French Horn', 'Trumpet', 'Acoustic Grand Piano', 'Lead 2 (sawtooth)', 'Clarinet', 'Lead 2 (sawtooth)', 'Trumpet', 'Lead 2 (sawtooth)', 'Trumpet', 'Electric Piano 1', 'Steel Drums']"
13 The Final Curtain.mid,7,"['Electric Piano 1', 'Electric Piano 1', 'Electric Piano 1', 'Acoustic Bass', 'Acoustic Guitar (nylon)', 'Acoustic Guitar (nylon)', 'Steel Drums']"
14 Aerial Castle Kwol.mid,9,"['Electric Piano 1', 'Electric Piano 1', 'Electric Piano 1', 'Trumpet', 'Acoustic Guitar (nylon)', 'Trumpet', 'Acoustic Guitar (nylon)', 'Lead 2 (sawtooth)', 'Steel Drums']"
14 Bloody Jewel (Area 8).mid,5,"['Vibraphone', 'Vibraphone', 'Acoustic Bass', 'Harpsichord', 'Steel Drums']"
14 Boss 2.mid,6,"['Lead 2 (sawtooth)', 'Acoustic Guitar (nylon)', 'Acoustic Guitar (nylon)', 'Acoustic Guitar (nylon)', 'Electric Piano 1', 'Steel Drums']"
14 Boss 5.mid,7,"['Trumpet', 'Trumpet', 'Acoustic Bass', 'Trumpet', 'Trumpet', 'Electric Piano 1', 'Steel Drums']"
14 Clear #2.mid,6,"['Trumpet', 'Lead 2 (sawtooth)', 'French Horn', 'Trumpet', 'Trumpet', 'Steel Drums']"
14 Conspirators.mid,10,"['Vibraphone', 'Vibraphone', 'Electric Guitar (clean)', 'Church Organ', 'Church Organ', 'Acoustic Grand Piano', 'Vibraphone', 'Acoustic Grand Piano', 'Lead 2 (sawtooth)', 'Vibraphone']"
14 Extend (Compile).mid,2,"['Electric Piano 1', 'Vibraphone']"
14 Fortress.mid,6,"['Electric Piano 1', 'Acoustic Bass', 'Electric Piano 1', 'Harpsichord', 'Electric Piano 1', 'Lead 2 (sawtooth)']"
14 Pirate Island.mid,19,"['French Horn', 'Flute', 'Vibraphone', 'Church Organ', 'Trumpet', 'Acoustic Bass', 'Acoustic Grand Piano', 'Acoustic Guitar (nylon)', 'Flute', 'Acoustic Grand Piano', 'Acoustic Guitar (nylon)', 'Acoustic Grand Piano', 'Acoustic Guitar (nylon)', 'French Horn', 'Flute', 'Vibraphone', 'Church Organ', 'Trumpet', 'Electric Guitar (clean)']"
14 Staff Roll (Short).mid,9,"['Electric Guitar (clean)', 'Acoustic Grand Piano', 'Trumpet', 'Trumpet', 'Trumpet', 'Lead 2 (sawtooth)', 'French Horn', 'Acoustic Bass', 'Steel Drums']"
14 Visual Great Race (Visual Scene 3).mid,4,"['Electric Piano 1', 'Electric Piano 1', 'Electric Piano 1', 'Steel Drums']"
15 Dogodaga-Dogodege (Final Boss).mid,7,"['Harpsichord', 'Synth Bass 1', 'Harpsichord', 'Synth Bass 1', 'Synth Bass 1', 'Electric Guitar (clean)', 'Steel Drums']"
15 Dragon.mid,19,"['Acoustic Guitar (nylon)', 'Trumpet', 'Clarinet', 'Acoustic Bass', 'Acoustic Guitar (nylon)', 'Trumpet', 'Clarinet', 'Acoustic Grand Piano', 'French Horn', 'Church Organ', 'Trumpet', 'Violin', 'French Horn', 'Church Organ', 'Trumpet', 'Violin', 'Trumpet', 'Flute', 'Violin']"
15 Ending #2.mid,9,"['Acoustic Grand Piano', 'French Horn', 'Trumpet', 'French Horn', 'Electric Guitar (clean)', 'Acoustic Grand Piano', 'French Horn', 'Trumpet', 'Steel Drums']"
15 Game Over.mid,6,"['Acoustic Grand Piano', 'Acoustic Grand Piano', 'Acoustic Guitar (nylon)', 'Acoustic Guitar (nylon)', 'Acoustic Guitar (nylon)', 'Acoustic Grand Piano']"
15 Last Boss.mid,4,"['Acoustic Bass', 'Electric Piano 1', 'Electric Piano 1', 'Steel Drums']"
15 Mission 6.mid,14,"['Church Organ', 'Lead 2 (sawtooth)', 'Synth Bass 1', 'Violin', 'Synth Bass 1', 'Lead 2 (sawtooth)', 'Violin', 'Synth Bass 1', 'Synth Bass 1', 'Acoustic Bass', 'Acoustic Grand Piano', 'Violin', 'Electric Piano 1', 'Steel Drums']"
15 Name Entry.mid,11,"['Acoustic Bass', 'Lead 2 (sawtooth)', 'Trumpet', 'Lead 2 (sawtooth)', 'Harpsichord', 'Lead 2 (sawtooth)', 'Lead 2 (sawtooth)', 'Flute', 'Acoustic Guitar (nylon)', 'Church Organ', 'Steel Drums']"
15 Spanish Communist Party.mid,6,"['Clarinet', 'Clarinet', 'Electric Guitar (clean)', 'Church Organ', 'Clarinet', 'Clarinet']"
15 Staff Roll (Ending Credits).mid,4,"['Electric Piano 1', 'Electric Piano 1', 'Electric Piano 1', 'Electric Piano 1']"
15 Unused 1.mid,2,"['Electric Piano 1', 'Harpsichord']"
16 Again (Game Over).mid,7,"['Vibraphone', 'Vibraphone', 'Vibraphone', 'Flute', 'Flute', 'Acoustic Bass', 'Steel Drums']"
16 Agnesia.mid,16,"['Trumpet', 'Flute', 'Lead 2 (sawtooth)', 'Trumpet', 'Flute', 'Lead 2 (sawtooth)', 'Acoustic Bass', 'Church Organ', 'French Horn', 'Church Organ', 'Church Organ', 'Acoustic Bass', 'Violin', 'Flute', 'Trumpet', 'Lead 2 (sawtooth)']"
16 Boss 6.mid,11,"['Electric Guitar (clean)', 'Trumpet', 'Church Organ', 'Synth Bass 1', 'Electric Guitar (clean)', 'Synth Bass 1', 'Violin', 'Acoustic Bass', 'Violin', 'Electric Piano 1', 'Steel Drums']"
16 Demo 2.mid,13,"['Acoustic Grand Piano', 'Acoustic Guitar (nylon)', 'Acoustic Grand Piano', 'Acoustic Guitar (nylon)', 'Acoustic Grand Piano', 'Flute', 'Electric Piano 1', 'Electric Piano 1', 'Acoustic Guitar (nylon)', 'Electric Piano 1', 'Acoustic Guitar (nylon)', 'Oboe', 'Electric Piano 1']"
16 Ending 1.mid,5,"['Acoustic Grand Piano', 'Acoustic Grand Piano', 'Acoustic Grand Piano', 'Acoustic Grand Piano', 'Steel Drums']"
16 Game Over.mid,5,"['Vibraphone', 'Acoustic Bass', 'Vibraphone', 'Vibraphone', 'Steel Drums']"
16 Unused 2.mid,2,"['Clarinet', 'Harpsichord']"
16 Visual Wedding (Hidden Ending).mid,5,"['Electric Piano 1', 'Electric Piano 1', 'Electric Piano 1', 'Electric Piano 1', 'Electric Piano 1']"
17 Boss 3.mid,7,"['Trumpet', 'Lead 2 (sawtooth)', 'Synth Bass 1', 'Harpsichord', 'Harpsichord', 'Electric Piano 1', 'Steel Drums']"
17 Ending 1.mid,34,"['Trumpet', 'Flute', 'Oboe', 'Vibraphone', 'Trumpet', 'Flute', 'Oboe', 'Vibraphone', 'French Horn', 'Acoustic Bass', 'Acoustic Grand Piano', 'French Horn', 'Flute', 'Church Organ', 'Oboe', 'Acoustic Guitar (nylon)', 'Acoustic Grand Piano', 'French Horn', 'Flute', 'Oboe', 'Church Organ', 'Trumpet', 'Acoustic Guitar (nylon)', 'Acoustic Grand Piano', 'Trumpet', 'Oboe', 'Acoustic Guitar (nylon)', 'Vibraphone', 'French Horn', 'Flute', 'Trumpet', 'Flute', 'French Horn', 'Vibraphone']"
17 Ending 2.mid,4,"['Trumpet', 'Acoustic Bass', 'Trumpet', 'Trumpet']"
17 Game Over.mid,5,"['Electric Piano 1', 'Electric Piano 1', 'Electric Piano 1', 'Electric Piano 1', 'Electric Piano 1']"
17 Last Scene.mid,6,"['Vibraphone', 'Vibraphone', 'Acoustic Bass', 'Electric Piano 1', 'Electric Piano 1', 'Steel Drums']"
17 Mission 7.mid,6,"['Electric Piano 1', 'Church Organ', 'Vibraphone', 'Acoustic Bass', 'Electric Piano 1', 'Steel Drums']"
17 Triumph (Ending).mid,8,"['Harpsichord', 'Lead 2 (sawtooth)', 'Harpsichord', 'Lead 2 (sawtooth)', 'Harpsichord', 'Lead 2 (sawtooth)', 'Acoustic Bass', 'Steel Drums']"
18 Boss 7.mid,9,"['Electric Piano 1', 'Church Organ', 'Violin', 'Harpsichord', 'Church Organ', 'Flute', 'Electric Guitar (clean)', 'Church Organ', 'Steel Drums']"
18 Darkmare.mid,11,"['Electric Piano 1', 'Violin', 'Violin', 'Lead 2 (sawtooth)', 'Clarinet', 'Synth Bass 1', 'Trumpet', 'Lead 2 (sawtooth)', 'Clarinet', 'Acoustic Bass', 'Steel Drums']"
18 Easy Going (Bonus Area).mid,5,"['Trumpet', 'French Horn', 'Harpsichord', 'Vibraphone', 'Steel Drums']"
18 Ending 2.mid,20,"['Acoustic Bass', 'Trumpet', 'Clarinet', 'Oboe', 'Acoustic Grand Piano', 'Trumpet', 'Clarinet', 'Violin', 'Acoustic Guitar (nylon)', 'Vibraphone', 'Church Organ', 'Trumpet', 'Flute', 'Acoustic Guitar (nylon)', 'Vibraphone', 'Church Organ', 'Trumpet', 'Flute', 'French Horn', 'French Horn']"
18 Ending 3.mid,4,"['Electric Piano 1', 'Acoustic Grand Piano', 'Acoustic Grand Piano', 'Acoustic Grand Piano']"
18 Ending.mid,17,"['Acoustic Grand Piano', 'Flute', 'Flute', 'Flute', 'Trumpet', 'Electric Piano 1', 'Lead 2 (sawtooth)', 'Trumpet', 'Electric Piano 1', 'Flute', 'Lead 2 (sawtooth)', 'Trumpet', 'Electric Piano 1', 'Oboe', 'Electric Piano 1', 'Acoustic Guitar (nylon)', 'Steel Drums']"
19 Mission 8.mid,8,"['Trumpet', 'Trumpet', 'Vibraphone', 'Acoustic Bass', 'Electric Piano 1', 'French Horn', 'Trumpet', 'Steel Drums']"
19 Staff Roll.mid,6,"['Acoustic Grand Piano', 'Acoustic Grand Piano', 'Acoustic Grand Piano', 'Acoustic Bass', 'Electric Piano 1', 'Steel Drums']"
19 Valua_s Feast.mid,14,"['Lead 2 (sawtooth)', 'Oboe', 'French Horn', 'Synth Bass 1', 'Electric Piano 1', 'Flute', 'Lead 2 (sawtooth)', 'Oboe', 'Electric Piano 1', 'Trumpet', 'Electric Piano 1', 'Electric Piano 1', 'Trumpet', 'Steel Drums']"
20 Boss 8.mid,8,"['Lead 2 (sawtooth)', 'Violin', 'Church Organ', 'Trumpet', 'Acoustic Bass', 'Violin', 'Trumpet', 'Steel Drums']"
20 Epilogue.mid,6,"['Electric Piano 1', 'Electric Piano 1', 'Electric Piano 1', 'Vibraphone', 'Vibraphone', 'Vibraphone']"
20 Game Over.mid,3,"['Electric Piano 1', 'Electric Piano 1', 'Electric Piano 1']"
21 Mission 9.mid,7,"['Trumpet', 'Trumpet', 'Acoustic Bass', 'Trumpet', 'Trumpet', 'Electric Piano 1', 'Steel Drums']"
21 Ranking Display.mid,6,"['Acoustic Grand Piano', 'Acoustic Bass', 'Acoustic Grand Piano', 'Acoustic Grand Piano', 'Electric Piano 1', 'Steel Drums']"
21 Rooftop (Thieves Tower).mid,10,"['Clarinet', 'Vibraphone', 'Clarinet', 'Vibraphone', 'Clarinet', 'Clarinet', 'Vibraphone', 'Clarinet', 'Vibraphone', 'Clarinet']"
22 Boss 9.mid,10,"['Trumpet', 'Trumpet', 'Acoustic Bass', 'Vibraphone', 'Lead 2 (sawtooth)', 'Violin', 'Vibraphone', 'Violin', 'Electric Piano 1', 'Steel Drums']"
22 Ranking.mid,5,"['Electric Piano 1', 'Acoustic Bass', 'Electric Piano 1', 'Electric Piano 1', 'Steel Drums']"
22 Staff Roll.mid,8,"['Electric Piano 1', 'Acoustic Grand Piano', 'Acoustic Guitar (nylon)', 'Electric Piano 1', 'Vibraphone', 'Trumpet', 'Acoustic Bass', 'Steel Drums']"
23 Event.mid,7,"['Electric Piano 1', 'Electric Piano 1', 'Electric Piano 1', 'Clarinet', 'Oboe', 'Trumpet', 'Steel Drums']"
23 Giant Thexder.mid,16,"['Trumpet', 'Electric Piano 1', 'Church Organ', 'Acoustic Grand Piano', 'Trumpet', 'French Horn', 'Electric Piano 1', 'Acoustic Bass', 'Trumpet', 'Electric Piano 1', 'Church Organ', 'Clarinet', 'Church Organ', 'Electric Piano 1', 'Electric Piano 1', 'Steel Drums']"
23 In Captivity.mid,7,"['Violin', 'Violin', 'Electric Piano 1', 'Electric Piano 1', 'Electric Piano 1', 'Acoustic Bass', 'Steel Drums']"
24 Ending.mid,15,"['Electric Piano 1', 'Acoustic Grand Piano', 'Vibraphone', 'Electric Piano 1', 'Church Organ', 'Acoustic Bass', 'Electric Piano 1', 'Violin', 'Flute', 'Electric Piano 1', 'Violin', 'Flute', 'Electric Piano 1', 'Electric Piano 1', 'Steel Drums']"
24 Go the Waterway.mid,5,"['Electric Piano 1', 'Acoustic Bass', 'Oboe', 'Lead 2 (sawtooth)', 'Clarinet']"
25 Save.mid,6,"['Electric Piano 1', 'Electric Piano 1', 'Acoustic Guitar (nylon)', 'Clarinet', 'Electric Piano 1', 'Acoustic Bass']"
25 Water Pipe.mid,7,"['Electric Piano 1', 'Violin', 'Violin', 'Violin', 'Violin', 'Violin', 'Steel Drums']"
26 Cavern (Labyrinth).mid,11,"['Lead 2 (sawtooth)', 'Violin', 'Acoustic Guitar (nylon)', 'Electric Piano 1', 'Violin', 'Harpsichord', 'Electric Piano 1', 'Violin', 'Harpsichord', 'Synth Bass 1', 'Steel Drums']"
26 Shock.mid,7,"['Electric Piano 1', 'Electric Piano 1', 'Electric Piano 1', 'Electric Piano 1', 'Electric Piano 1', 'Electric Piano 1', 'Steel Drums']"
28 Eye Catch.mid,7,"['Electric Piano 1', 'Electric Piano 1', 'Electric Piano 1', 'Electric Piano 1', 'Electric Piano 1', 'Acoustic Bass', 'Steel Drums']"
42 GET_Item.mid,5,"['Electric Piano 1', 'Vibraphone', 'Electric Piano 1', 'Trumpet', 'Vibraphone']"
44 End Logo.mid,2,"['Acoustic Guitar (nylon)', 'Acoustic Guitar (nylon)']"
46 Shock.mid,7,"['Electric Piano 1', 'Electric Piano 1', 'Electric Piano 1', 'Electric Piano 1', 'Electric Piano 1', 'Electric Piano 1', 'Steel Drums']"
54 The Cave of Life (The Fountain of Youth).mid,10,"['Clarinet', 'Oboe', 'Lead 2 (sawtooth)', 'Oboe', 'Lead 2 (sawtooth)', 'Oboe', 'Oboe', 'Lead 2 (sawtooth)', 'Oboe', 'Oboe']"
60 Scenario Clear.mid,8,"['Trumpet', 'Church Organ', 'Trumpet', 'Acoustic Grand Piano', 'Trumpet', 'Church Organ', 'Trumpet', 'Acoustic Grand Piano']"
After Burner (FM) - 01 - Maximum Power.mid,5,"['Acoustic Bass', 'Trumpet', 'Clarinet', 'Church Organ', 'Steel Drums']"
After Burner (FM) - 02 - Final Take Off.mid,7,"['Electric Guitar (clean)', 'Trumpet', 'Clarinet', 'Lead 2 (sawtooth)', 'Lead 2 (sawtooth)', 'Harpsichord', 'Steel Drums']"
After Burner (FM) - 03 - After Burner.mid,12,"['Vibraphone', 'Lead 2 (sawtooth)', 'Harpsichord', 'Electric Guitar (clean)', 'Harpsichord', 'Clarinet', 'Vibraphone', 'Acoustic Bass', 'Harpsichord', 'Electric Guitar (clean)', 'Harpsichord', 'Steel Drums']"
After Burner (FM) - 04 - Super Stripe.mid,7,"['Electric Guitar (clean)', 'Lead 2 (sawtooth)', 'Lead 2 (sawtooth)', 'Violin', 'Lead 2 (sawtooth)', 'Harpsichord', 'Steel Drums']"
After Burner (FM) - 05 - Red Out.mid,10,"['Lead 2 (sawtooth)', 'Electric Guitar (clean)', 'Lead 2 (sawtooth)', 'Clarinet', 'Church Organ', 'Violin', 'Harpsichord', 'Trumpet', 'Violin', 'Steel Drums']"
After Burner (FM) - 06 - City 202.mid,4,"['Violin', 'Electric Guitar (clean)', 'Violin', 'Steel Drums']"
Alex Kidd - The Lost Stars (FM) - 01 - Title Screen.mid,5,"['Vibraphone', 'Vibraphone', 'Clarinet', 'Vibraphone', 'Steel Drums']"
Alex Kidd - The Lost Stars (FM) - 03 - Toy World _ Monster World.mid,7,"['Clarinet', 'Acoustic Bass', 'Church Organ', 'Clarinet', 'Church Organ', 'Church Organ', 'Steel Drums']"
Alex Kidd - The Lost Stars (FM) - 04 - Machine World _ Giant_s Body.mid,7,"['Vibraphone', 'Acoustic Bass', 'Acoustic Grand Piano', 'Clarinet', 'Acoustic Grand Piano', 'Acoustic Grand Piano', 'Steel Drums']"
Alex Kidd - The Lost Stars (FM) - 05 - World of Make Believe _ The Shrine of Jiggarat.mid,6,"['Clarinet', 'Acoustic Bass', 'Acoustic Grand Piano', 'Acoustic Grand Piano', 'Acoustic Grand Piano', 'Steel Drums']"
Alex Kidd - The Lost Stars (FM) - 06 - Water World.mid,6,"['Clarinet', 'Acoustic Bass', 'Church Organ', 'Church Organ', 'Church Organ', 'Steel Drums']"
Alex Kidd - The Lost Stars (FM) - 08 - Ending.mid,6,"['Trumpet', 'Acoustic Bass', 'Acoustic Bass', 'Acoustic Bass', 'Acoustic Bass', 'Steel Drums']"
Alex Kidd - The Lost Stars (FM) - 09 - Time Up _ The End.mid,4,"['Lead 2 (sawtooth)', 'Lead 2 (sawtooth)', 'Lead 2 (sawtooth)', 'Steel Drums']"
Altered Beast (FM) - 01 - Werewolf _ Gold Werewolf.mid,4,"['Church Organ', 'Flute', 'Acoustic Bass', 'Steel Drums']"
Altered Beast (FM) - 02 - Transformed.mid,7,"['Church Organ', 'Clarinet', 'Acoustic Bass', 'Acoustic Grand Piano', 'Clarinet', 'Church Organ', 'Steel Drums']"
Altered Beast (FM) - 03 - Unused Story.mid,2,"['Church Organ', 'Church Organ']"
Altered Beast (FM) - 04 - Weredragon _ Weretiger.mid,7,"['Church Organ', 'Oboe', 'Acoustic Guitar (nylon)', 'Flute', 'Acoustic Grand Piano', 'Harpsichord', 'Steel Drums']"
Altered Beast (FM) - 05 - Ending.mid,8,"['Acoustic Grand Piano', 'French Horn', 'Clarinet', 'Acoustic Bass', 'Acoustic Grand Piano', 'French Horn', 'Clarinet', 'Steel Drums']"
Altered Beast (FM) - 06 - Game Over.mid,4,"['Clarinet', 'Electric Guitar (clean)', 'Acoustic Grand Piano', 'Steel Drums']"
BMX Trial - Alex Kidd - 01 - Blackwood Forest _ Cactus Desert.mid,9,"['Acoustic Grand Piano', 'Acoustic Bass', 'Clarinet', 'Trumpet', 'Vibraphone', 'Acoustic Bass', 'Electric Guitar (clean)', 'Clarinet', 'Steel Drums']"
BMX Trial - Alex Kidd - 02 - South Seas _ Pyramid River.mid,6,"['Clarinet', 'Trumpet', 'Acoustic Bass', 'Clarinet', 'Trumpet', 'Steel Drums']"
BMX Trial - Alex Kidd - 03 - Radaxian.mid,6,"['Trumpet', 'French Horn', 'Acoustic Bass', 'Trumpet', 'Flute', 'Steel Drums']"
BMX Trial - Alex Kidd - 04 - Course Clear.mid,5,"['Acoustic Grand Piano', 'Acoustic Bass', 'Flute', 'Acoustic Grand Piano', 'Steel Drums']"
BMX Trial - Alex Kidd - 05 - Ending.mid,5,"['Acoustic Grand Piano', 'Vibraphone', 'Acoustic Bass', 'Flute', 'Steel Drums']"
BMX Trial - Alex Kidd - 06 - Jetpack.mid,9,"['Oboe', 'Church Organ', 'Acoustic Bass', 'Flute', 'Acoustic Grand Piano', 'Acoustic Grand Piano', 'Oboe', 'Church Organ', 'Steel Drums']"
BMX Trial - Alex Kidd - 07 - Game Over.mid,4,"['French Horn', 'Acoustic Bass', 'Flute', 'Steel Drums']"
California Games (FM) - 01 - Louie Louie.mid,4,"['Harpsichord', 'Acoustic Grand Piano', 'Clarinet', 'Steel Drums']"
California Games (FM) - 02 - Menu.mid,5,"['Oboe', 'Electric Guitar (clean)', 'Clarinet', 'Oboe', 'Steel Drums']"
California Games (FM) - 03 - Event Intro.mid,3,"['Harpsichord', 'Harpsichord', 'Harpsichord']"
California Games (FM) - 04 - Half Pipe.mid,4,"['Acoustic Bass', 'Acoustic Grand Piano', 'Synth Bass 1', 'Steel Drums']"
California Games (FM) - 05 - Foot Bag.mid,3,"['Electric Guitar (clean)', 'Oboe', 'Clarinet']"
California Games (FM) - 06 - Surfing.mid,5,"['Electric Guitar (clean)', 'Clarinet', 'Lead 2 (sawtooth)', 'Lead 2 (sawtooth)', 'Steel Drums']"
California Games (FM) - 07 - Skating.mid,6,"['Clarinet', 'Acoustic Bass', 'Electric Guitar (clean)', 'Oboe', 'Vibraphone', 'Steel Drums']"
California Games (FM) - 08 - BMX.mid,5,"['Electric Guitar (clean)', 'Harpsichord', 'Lead 2 (sawtooth)', 'Lead 2 (sawtooth)', 'Steel Drums']"
California Games (FM) - 09 - Flying Disk.mid,3,"['Acoustic Bass', 'Vibraphone', 'Clarinet']"
California Games (FM) - 10 - Success.mid,5,"['Trumpet', 'Electric Guitar (clean)', 'Oboe', 'Trumpet', 'Trumpet']"
California Games (FM) - 11 - Shark.mid,5,"['Clarinet', 'Acoustic Bass', 'Acoustic Grand Piano', 'Clarinet', 'Harpsichord']"
Captain Silver (FM) - 01 - Title Screen.mid,3,"['Acoustic Bass', 'Acoustic Bass', 'Clarinet']"
Captain Silver (FM) - 02 - Scene Start.mid,5,"['Clarinet', 'French Horn', 'Church Organ', 'Acoustic Grand Piano', 'Acoustic Grand Piano']"
Captain Silver (FM) - 03 - Town of Barren _ Pirate Ship.mid,4,"['Clarinet', 'Acoustic Grand Piano', 'Flute', 'Clarinet']"
Captain Silver (FM) - 04 - Eerie Piper.mid,3,"['Church Organ', 'Acoustic Bass', 'Flute']"
Captain Silver (FM) - 05 - Boss.mid,2,"['Harpsichord', 'Acoustic Bass']"
Captain Silver (FM) - 06 - Scene Complete.mid,4,"['Clarinet', 'Electric Guitar (clean)', 'Flute', 'Flute']"
Captain Silver (FM) - 07 - Boat _ Cave.mid,5,"['Acoustic Grand Piano', 'Trumpet', 'Harpsichord', 'Vibraphone', 'Flute']"
Captain Silver (FM) - 08 - Captain Silver_s Treasure Island.mid,4,"['Oboe', 'Harpsichord', 'Synth Bass 1', 'Harpsichord']"
Captain Silver (FM) - 10 - Ending.mid,2,"['Acoustic Grand Piano', 'Electric Guitar (clean)']"
Captain Silver (FM) - 11 - Game Over.mid,3,"['Acoustic Grand Piano', 'Acoustic Bass', 'Flute']"
Captain Silver (FM) - 12 - Death.mid,5,"['Acoustic Grand Piano', 'Acoustic Bass', 'Flute', 'Acoustic Grand Piano', 'Flute']"
Columns (FM) - 01 - Filthy.mid,7,"['Violin', 'Violin', 'Violin', 'Violin', 'Violin', 'Violin', 'Violin']"
Columns (FM) - 02 - Quagmire.mid,9,"['Trumpet', 'Trumpet', 'Harpsichord', 'Trumpet', 'Harpsichord', 'Trumpet', 'Harpsichord', 'Trumpet', 'Harpsichord']"
Columns (FM) - 03 - Clotho.mid,9,"['Church Organ', 'Church Organ', 'Church Organ', 'Church Organ', 'Church Organ', 'Church Organ', 'Church Organ', 'Church Organ', 'Church Organ']"
Columns (FM) - 04 - Lathesis.mid,12,"['Flute', 'Acoustic Guitar (nylon)', 'Flute', 'Acoustic Guitar (nylon)', 'Harpsichord', 'Acoustic Grand Piano', 'Harpsichord', 'Flute', 'Acoustic Guitar (nylon)', 'Clarinet', 'Acoustic Guitar (nylon)', 'Clarinet']"
Columns (FM) - 05 - Atropos.mid,14,"['Acoustic Grand Piano', 'Oboe', 'Acoustic Grand Piano', 'Oboe', 'Violin', 'Harpsichord', 'Acoustic Grand Piano', 'Acoustic Grand Piano', 'Violin', 'Harpsichord', 'Acoustic Grand Piano', 'Acoustic Grand Piano', 'Violin', 'Harpsichord']"
Columns (FM) - 06 - Boy Wonder.mid,9,"['Church Organ', 'Church Organ', 'Church Organ', 'Church Organ', 'Church Organ', 'Church Organ', 'Church Organ', 'Church Organ', 'Church Organ']"
Columns (FM) - 07 - Concilation.mid,3,"['French Horn', 'French Horn', 'French Horn']"
Cyborg Hunter (FM) - 01 - Title Screen.mid,4,"['Lead 2 (sawtooth)', 'Acoustic Bass', 'Electric Piano 1', 'Electric Piano 1']"
Cyborg Hunter (FM) - 02 - Main hallway.mid,4,"['Trumpet', 'Trumpet', 'Acoustic Bass', 'Steel Drums']"
Cyborg Hunter (FM) - 03 - Level A _ D.mid,4,"['Lead 2 (sawtooth)', 'Lead 2 (sawtooth)', 'Vibraphone', 'Steel Drums']"
Cyborg Hunter (FM) - 04 - Level B _ E.mid,4,"['Lead 2 (sawtooth)', 'Church Organ', 'Trumpet', 'Steel Drums']"
Cyborg Hunter (FM) - 05 - Level C _ F.mid,5,"['Lead 2 (sawtooth)', 'Trumpet', 'Vibraphone', 'Vibraphone', 'Steel Drums']"
Cyborg Hunter (FM) - 06 - Boss Room.mid,4,"['Trumpet', 'Acoustic Bass', 'Synth Bass 1', 'Steel Drums']"
Cyborg Hunter (FM) - 07 - Ending _ Credits.mid,4,"['Lead 2 (sawtooth)', 'Trumpet', 'Synth Bass 1', 'Steel Drums']"
Cyborg Hunter (FM) - 08 - Game Over.mid,4,"['Lead 2 (sawtooth)', 'Acoustic Bass', 'Trumpet', 'Synth Bass 1']"
Disc Station - 01 - Title Screen (FM).mid,6,"['Acoustic Grand Piano', 'Harpsichord', 'Acoustic Grand Piano', 'Acoustic Bass', 'Acoustic Grand Piano', 'Steel Drums']"
Disc Station - 02 - Menu (FM).mid,5,"['Acoustic Grand Piano', 'Harpsichord', 'Trumpet', 'Acoustic Bass', 'Steel Drums']"
Double Dragon (FM) - 01 - Title.mid,6,"['Trumpet', 'Electric Guitar (clean)', 'Trumpet', 'Lead 2 (sawtooth)', 'Lead 2 (sawtooth)', 'Steel Drums']"
Double Dragon (FM) - 02 - Mission 1.mid,7,"['Trumpet', 'Acoustic Bass', 'Trumpet', 'Violin', 'Harpsichord', 'Lead 2 (sawtooth)', 'Steel Drums']"
Double Dragon (FM) - 03 - Mission 2.mid,11,"['Trumpet', 'Lead 2 (sawtooth)', 'Electric Guitar (clean)', 'Trumpet', 'Oboe', 'Lead 2 (sawtooth)', 'Harpsichord', 'Trumpet', 'Lead 2 (sawtooth)', 'Harpsichord', 'Steel Drums']"
Double Dragon (FM) - 04 - Mission 3.mid,6,"['Trumpet', 'Acoustic Bass', 'Trumpet', 'Violin', 'Violin', 'Steel Drums']"
Double Dragon (FM) - 05 - Mission 4.mid,11,"['Trumpet', 'Electric Guitar (clean)', 'Trumpet', 'Oboe', 'Clarinet', 'Lead 2 (sawtooth)', 'Oboe', 'Trumpet', 'Clarinet', 'Lead 2 (sawtooth)', 'Steel Drums']"
Double Dragon (FM) - 06 - Boss.mid,8,"['Vibraphone', 'Church Organ', 'Lead 2 (sawtooth)', 'Vibraphone', 'Violin', 'Trumpet', 'Church Organ', 'Church Organ']"
Double Dragon (FM) - 07 - Last Boss.mid,10,"['Trumpet', 'Electric Guitar (clean)', 'Trumpet', 'Lead 2 (sawtooth)', 'Violin', 'Acoustic Bass', 'Lead 2 (sawtooth)', 'Violin', 'Acoustic Bass', 'Steel Drums']"
Double Dragon (FM) - 08 - Mission Complete.mid,3,"['Acoustic Bass', 'Vibraphone', 'Acoustic Grand Piano']"
Double Dragon (FM) - 09 - Ending.mid,10,"['Vibraphone', 'Acoustic Guitar (nylon)', 'Vibraphone', 'Violin', 'Trumpet', 'Vibraphone', 'Violin', 'Acoustic Grand Piano', 'Violin', 'Acoustic Grand Piano']"
Dynamite Dux (FM) - 01 - Downtown Achacha City.mid,6,"['Oboe', 'Acoustic Grand Piano', 'Acoustic Grand Piano', 'Oboe', 'Synth Bass 1', 'Steel Drums']"
Dynamite Dux (FM) - 02 - Boss.mid,5,"['Oboe', 'Clarinet', 'Clarinet', 'Synth Bass 1', 'Steel Drums']"
Dynamite Dux (FM) - 03 - Pseudo Japan.mid,4,"['Electric Guitar (clean)', 'Lead 2 (sawtooth)', 'Synth Bass 1', 'Steel Drums']"
Dynamite Dux (FM) - 04 - Almost Chicago.mid,4,"['Clarinet', 'Trumpet', 'Acoustic Bass', 'Steel Drums']"
Dynamite Dux (FM) - 05 - Little Texas.mid,4,"['Harpsichord', 'Lead 2 (sawtooth)', 'Electric Guitar (clean)', 'Steel Drums']"
Dynamite Dux (FM) - 06 - The Achacha Palace.mid,4,"['Acoustic Grand Piano', 'French Horn', 'Synth Bass 1', 'Steel Drums']"
Dynamite Dux (FM) - 07 - Achacha the Great.mid,4,"['Acoustic Bass', 'Acoustic Bass', 'Electric Guitar (clean)', 'Steel Drums']"
Dynamite Dux (FM) - 08 - Ending.mid,4,"['Trumpet', 'Harpsichord', 'Harpsichord', 'Steel Drums']"
"F1_Douchuuki_(MSX2,_OPLL)_01 Title Screen.mid",5,"['Trumpet', 'French Horn', 'Electric Guitar (clean)', 'French Horn', 'Steel Drums']"
Fantasy Zone II (FM) - 01 - Title Screen.mid,4,"['Clarinet', 'Electric Guitar (clean)', 'Oboe', 'Steel Drums']"
Fantasy Zone II (FM) - 02 - Pastaria.mid,6,"['Oboe', 'Acoustic Bass', 'Synth Bass 1', 'Acoustic Guitar (nylon)', 'Clarinet', 'Steel Drums']"
Fantasy Zone II (FM) - 03 - Sarcand.mid,3,"['Electric Guitar (clean)', 'Acoustic Guitar (nylon)', 'Steel Drums']"
Fantasy Zone II (FM) - 04 - Hiyarika.mid,8,"['Acoustic Grand Piano', 'Oboe', 'Vibraphone', 'Acoustic Guitar (nylon)', 'Vibraphone', 'Vibraphone', 'Acoustic Guitar (nylon)', 'Steel Drums']"
Fantasy Zone II (FM) - 05 - Bow Bow.mid,8,"['Acoustic Grand Piano', 'Flute', 'Trumpet', 'Electric Guitar (clean)', 'Acoustic Guitar (nylon)', 'Acoustic Grand Piano', 'Flute', 'Steel Drums']"
Fantasy Zone II (FM) - 06 - Chaprun.mid,7,"['Vibraphone', 'Synth Bass 1', 'Acoustic Bass', 'Acoustic Bass', 'Acoustic Guitar (nylon)', 'Lead 2 (sawtooth)', 'Steel Drums']"
Fantasy Zone II (FM) - 07 - Fuwareak.mid,12,"['Lead 2 (sawtooth)', 'Vibraphone', 'Trumpet', 'Electric Guitar (clean)', 'Lead 2 (sawtooth)', 'Acoustic Guitar (nylon)', 'Trumpet', 'Vibraphone', 'Lead 2 (sawtooth)', 'Vibraphone', 'Acoustic Guitar (nylon)', 'Steel Drums']"
Fantasy Zone II (FM) - 08 - Spardian.mid,4,"['Acoustic Grand Piano', 'Synth Bass 1', 'Trumpet', 'Steel Drums']"
Fantasy Zone II (FM) - 09 - Boss Theme.mid,9,"['Oboe', 'Acoustic Bass', 'Lead 2 (sawtooth)', 'Acoustic Guitar (nylon)', 'Oboe', 'Lead 2 (sawtooth)', 'Lead 2 (sawtooth)', 'Oboe', 'Steel Drums']"
Fantasy Zone II (FM) - 10 - Boss Defeated.mid,5,"['Acoustic Grand Piano', 'Acoustic Bass', 'Trumpet', 'Acoustic Grand Piano', 'Steel Drums']"
Fantasy Zone II (FM) - 11 - Shop.mid,6,"['Violin', 'Acoustic Bass', 'Trumpet', 'Violin', 'Vibraphone', 'Steel Drums']"
Fantasy Zone II (FM) - 12 - Last Boss.mid,7,"['Lead 2 (sawtooth)', 'Acoustic Bass', 'Acoustic Guitar (nylon)', 'Lead 2 (sawtooth)', 'Acoustic Guitar (nylon)', 'Lead 2 (sawtooth)', 'Steel Drums']"
Fantasy Zone II (FM) - 13 - Ending Theme.mid,3,"['Acoustic Grand Piano', 'Acoustic Bass', 'Trumpet']"
Fantasy Zone II (FM) - 14 - Game Over.mid,5,"['Acoustic Grand Piano', 'Acoustic Bass', 'Trumpet', 'Acoustic Grand Piano', 'Steel Drums']"
Galactic Protector (FM) - 01 - Title Screen.mid,4,"['Flute', 'Electric Guitar (clean)', 'Lead 2 (sawtooth)', 'Steel Drums']"
Galactic Protector (FM) - 02 - Earth Round.mid,5,"['Violin', 'Acoustic Bass', 'Vibraphone', 'Oboe', 'Steel Drums']"
Galactic Protector (FM) - 03 - Round Clear.mid,6,"['Church Organ', 'Acoustic Bass', 'French Horn', 'Acoustic Grand Piano', 'Acoustic Grand Piano', 'Steel Drums']"
Galactic Protector (FM) - 04 - Saturn Round.mid,5,"['Oboe', 'Acoustic Bass', 'Oboe', 'Vibraphone', 'Steel Drums']"
Galactic Protector (FM) - 05 - Mars Round.mid,6,"['Acoustic Grand Piano', 'Church Organ', 'Acoustic Bass', 'Flute', 'Vibraphone', 'Steel Drums']"
Galactic Protector (FM) - 06 - Perfect!.mid,6,"['French Horn', 'Acoustic Bass', 'Flute', 'Acoustic Grand Piano', 'Acoustic Grand Piano', 'Steel Drums']"
Galactic Protector (FM) - 07 - Ending.mid,3,"['Church Organ', 'Acoustic Bass', 'Steel Drums']"
Galactic Protector (FM) - 08 - Game Over.mid,4,"['Vibraphone', 'Acoustic Bass', 'Acoustic Grand Piano', 'Steel Drums']"
Galaxy Force (FM) - 01 - Scene Select.mid,6,"['Harpsichord', 'Acoustic Bass', 'Acoustic Grand Piano', 'Vibraphone', 'Synth Bass 1', 'Steel Drums']"
Galaxy Force (FM) - 02 - Beyond the Galaxy.mid,8,"['Vibraphone', 'Flute', 'Trumpet', 'Acoustic Bass', 'Vibraphone', 'Trumpet', 'Trumpet', 'Steel Drums']"
Galaxy Force (FM) - 03 - Try Z.mid,6,"['Violin', 'Acoustic Bass', 'Violin', 'Violin', 'Violin', 'Steel Drums']"
Galaxy Force (FM) - 04 - Defeat.mid,9,"['Harpsichord', 'Acoustic Bass', 'Harpsichord', 'Vibraphone', 'Harpsichord', 'Violin', 'Harpsichord', 'Vibraphone', 'Steel Drums']"
Galaxy Force (FM) - 05 - Take Back.mid,7,"['Lead 2 (sawtooth)', 'Acoustic Bass', 'Harpsichord', 'Electric Guitar (clean)', 'Lead 2 (sawtooth)', 'Harpsichord', 'Steel Drums']"
Galaxy Force (FM) - 06 - Alone Fighter.mid,6,"['Lead 2 (sawtooth)', 'Acoustic Bass', 'Harpsichord', 'Harpsichord', 'Harpsichord', 'Steel Drums']"
Galaxy Force (FM) - 07 - Name Entry.mid,6,"['Acoustic Grand Piano', 'Acoustic Bass', 'Acoustic Grand Piano', 'Acoustic Grand Piano', 'Acoustic Grand Piano', 'Steel Drums']"
Global Defense (FM) - 01 - Demo.mid,4,"['Flute', 'Acoustic Bass', 'Church Organ', 'Steel Drums']"
Global Defense (FM) - 02 - Start.mid,5,"['Vibraphone', 'Vibraphone', 'Vibraphone', 'Vibraphone', 'Vibraphone']"
Global Defense (FM) - 03 - System Down (In-Game).mid,7,"['Lead 2 (sawtooth)', 'French Horn', 'Violin', 'Electric Guitar (clean)', 'Harpsichord', 'Violin', 'Steel Drums']"
Global Defense (FM) - 04 - Perfect.mid,4,"['Acoustic Grand Piano', 'Acoustic Grand Piano', 'Acoustic Grand Piano', 'Steel Drums']"
Global Defense (FM) - 05 - We are Desirous of Peace (Ending).mid,3,"['Acoustic Grand Piano', 'Acoustic Grand Piano', 'Acoustic Grand Piano']"
Global Defense (FM) - 06 - SDI Blue Moon (Game Over).mid,8,"['Acoustic Guitar (nylon)', 'Acoustic Bass', 'Acoustic Grand Piano', 'Acoustic Guitar (nylon)', 'Acoustic Grand Piano', 'Acoustic Guitar (nylon)', 'Acoustic Guitar (nylon)', 'Steel Drums']"
Golvellius - Valley of Doom (FM) - 01 - Title.mid,5,"['Electric Piano 1', 'Electric Piano 1', 'Electric Piano 1', 'Electric Piano 1', 'Steel Drums']"
Golvellius - Valley of Doom (FM) - 02 - Intro.mid,4,"['Flute', 'Flute', 'Acoustic Bass', 'Steel Drums']"
Golvellius - Valley of Doom (FM) - 03 - Overworld 1.mid,4,"['Trumpet', 'Trumpet', 'Acoustic Bass', 'Steel Drums']"
Golvellius - Valley of Doom (FM) - 04 - First Cave.mid,5,"['Lead 2 (sawtooth)', 'Lead 2 (sawtooth)', 'Lead 2 (sawtooth)', 'Acoustic Bass', 'Steel Drums']"
Golvellius - Valley of Doom (FM) - 05 - Old Woman.mid,4,"['Flute', 'French Horn', 'French Horn', 'Flute']"
Golvellius - Valley of Doom (FM) - 06 - Fairy.mid,3,"['Vibraphone', 'Vibraphone', 'Steel Drums']"
Golvellius - Valley of Doom (FM) - 07 - Randar.mid,5,"['Trumpet', 'Flute', 'Lead 2 (sawtooth)', 'Lead 2 (sawtooth)', 'Acoustic Bass']"
Golvellius - Valley of Doom (FM) - 08 - Vertical Scrolling Cave.mid,4,"['Trumpet', 'Trumpet', 'Acoustic Bass', 'Steel Drums']"
Golvellius - Valley of Doom (FM) - 09 - First Boss - Despa.mid,5,"['Lead 2 (sawtooth)', 'Lead 2 (sawtooth)', 'Lead 2 (sawtooth)', 'Acoustic Bass', 'Steel Drums']"
Golvellius - Valley of Doom (FM) - 10 - Victory.mid,5,"['Acoustic Guitar (nylon)', 'Harpsichord', 'Acoustic Guitar (nylon)', 'Acoustic Guitar (nylon)', 'Acoustic Guitar (nylon)']"
Golvellius - Valley of Doom (FM) - 11 - Enny.mid,5,"['Harpsichord', 'Harpsichord', 'Harpsichord', 'Acoustic Bass', 'Steel Drums']"
Golvellius - Valley of Doom (FM) - 12 - Winkle.mid,3,"['Vibraphone', 'Acoustic Guitar (nylon)', 'Vibraphone']"
Golvellius - Valley of Doom (FM) - 13 - Horizontal Scrolling Cave.mid,5,"['Trumpet', 'Flute', 'Acoustic Bass', 'Acoustic Bass', 'Steel Drums']"
Golvellius - Valley of Doom (FM) - 14 - Second Boss - Rolick.mid,5,"['Trumpet', 'Flute', 'Lead 2 (sawtooth)', 'Acoustic Bass', 'Steel Drums']"
Golvellius - Valley of Doom (FM) - 15 - Overworld 2.mid,5,"['Clarinet', 'Harpsichord', 'Trumpet', 'Acoustic Bass', 'Steel Drums']"
Golvellius - Valley of Doom (FM) - 16 - Overworld 3.mid,4,"['Acoustic Guitar (nylon)', 'Trumpet', 'Acoustic Bass', 'Steel Drums']"
Golvellius - Valley of Doom (FM) - 17 - Third Boss - Bachular.mid,5,"['Vibraphone', 'Vibraphone', 'Flute', 'Acoustic Bass', 'Steel Drums']"
Golvellius - Valley of Doom (FM) - 18 - Dina.mid,4,"['Clarinet', 'Clarinet', 'Vibraphone', 'Acoustic Bass']"
Golvellius - Valley of Doom (FM) - 19 - Fourth Boss - Fosbus.mid,4,"['Trumpet', 'Trumpet', 'Acoustic Bass', 'Steel Drums']"
Golvellius - Valley of Doom (FM) - 20 - Fifth Boss - Warlic.mid,4,"['Lead 2 (sawtooth)', 'Acoustic Bass', 'Trumpet', 'Steel Drums']"
Golvellius - Valley of Doom (FM) - 21 - Overworld 4.mid,5,"['Clarinet', 'Vibraphone', 'Acoustic Bass', 'Clarinet', 'Steel Drums']"
Golvellius - Valley of Doom (FM) - 22 - Overworld 5.mid,5,"['Trumpet', 'Trumpet', 'Trumpet', 'Acoustic Bass', 'Steel Drums']"
Golvellius - Valley of Doom (FM) - 23 - Sixth Boss - Crawky.mid,5,"['Trumpet', 'Flute', 'Acoustic Bass', 'Acoustic Bass', 'Steel Drums']"
Golvellius - Valley of Doom (FM) - 24 - Seventh Boss - Haidee.mid,4,"['Trumpet', 'Harpsichord', 'Acoustic Grand Piano', 'Steel Drums']"
Golvellius - Valley of Doom (FM) - 25 - Final Cave.mid,4,"['Harpsichord', 'Harpsichord', 'Acoustic Bass', 'Steel Drums']"
Golvellius - Valley of Doom (FM) - 26 - Final Boss - Golvellius.mid,5,"['Lead 2 (sawtooth)', 'Lead 2 (sawtooth)', 'Acoustic Bass', 'Trumpet', 'Steel Drums']"
Golvellius - Valley of Doom (FM) - 27 - Ending.mid,5,"['Trumpet', 'Trumpet', 'Trumpet', 'Acoustic Bass', 'Acoustic Bass']"
Golvellius - Valley of Doom (FM) - 28 - Input Password.mid,5,"['Acoustic Bass', 'Acoustic Bass', 'Vibraphone', 'Vibraphone', 'Vibraphone']"
Golvellius - Valley of Doom (FM) - 29 - Game Over.mid,5,"['Flute', 'Flute', 'Vibraphone', 'Vibraphone', 'Vibraphone']"
Golvellius - Valley of Doom (FM) - 30 - Unknown.mid,4,"['Trumpet', 'Trumpet', 'Acoustic Bass', 'Steel Drums']"
Kenseiden (FM) - 01 - Title Screen.mid,4,"['Acoustic Bass', 'Harpsichord', 'Vibraphone', 'Steel Drums']"
"Kenseiden (FM) - 02 - Higo, Nagato, Settsu, Owari and Echyu.mid",4,"['Harpsichord', 'Flute', 'Harpsichord', 'Steel Drums']"
Kenseiden (FM) - 03 - Map.mid,4,"['Clarinet', 'Acoustic Bass', 'Acoustic Grand Piano', 'Steel Drums']"
Kenseiden (FM) - 04 - Chizuken and Kaga.mid,6,"['Flute', 'Electric Guitar (clean)', 'Harpsichord', 'Harpsichord', 'Harpsichord', 'Steel Drums']"
Kenseiden (FM) - 05 - Iyo and Suraga.mid,5,"['Harpsichord', 'Electric Guitar (clean)', 'Vibraphone', 'Acoustic Bass', 'Steel Drums']"
Kenseiden (FM) - 06 - Yamato and Mito.mid,6,"['Clarinet', 'Harpsichord', 'Acoustic Bass', 'Electric Guitar (clean)', 'Harpsichord', 'Steel Drums']"
Kenseiden (FM) - 07 - Training Entrance.mid,4,"['Clarinet', 'Acoustic Bass', 'Acoustic Grand Piano', 'Steel Drums']"
Kenseiden (FM) - 08 - Training Round.mid,4,"['Electric Guitar (clean)', 'Harpsichord', 'Harpsichord', 'Steel Drums']"
Kenseiden (FM) - 09 - Victory.mid,6,"['Harpsichord', 'Harpsichord', 'Harpsichord', 'Harpsichord', 'Harpsichord', 'Steel Drums']"
Kenseiden (FM) - 10 - Fail in Training.mid,5,"['Harpsichord', 'Harpsichord', 'Harpsichord', 'Harpsichord', 'Steel Drums']"
Kenseiden (FM) - 11 - Black Magic Castle.mid,3,"['Acoustic Bass', 'Synth Bass 1', 'Steel Drums']"
Kenseiden (FM) - 12 - Warlock Battle.mid,4,"['Harpsichord', 'Acoustic Bass', 'Harpsichord', 'Steel Drums']"
"Kenseiden (FM) - 13 - Yonensai, The Master.mid",6,"['Harpsichord', 'Synth Bass 1', 'Harpsichord', 'Electric Guitar (clean)', 'Violin', 'Steel Drums']"
Kenseiden (FM) - 14 - Ending.mid,4,"['Flute', 'Acoustic Bass', 'Acoustic Grand Piano', 'Steel Drums']"
Kenseiden (FM) - 15 - Game Over.mid,6,"['Vibraphone', 'Acoustic Bass', 'Acoustic Grand Piano', 'Vibraphone', 'Vibraphone', 'Steel Drums']"
Maze Hunter 3-D (FM) - 01 - Title Screen.mid,5,"['Vibraphone', 'Electric Guitar (clean)', 'Vibraphone', 'Acoustic Grand Piano', 'Steel Drums']"
Maze Hunter 3-D (FM) - 02 - Metal Area.mid,6,"['Church Organ', 'Acoustic Bass', 'Lead 2 (sawtooth)', 'Vibraphone', 'Vibraphone', 'Steel Drums']"
Maze Hunter 3-D (FM) - 03 - Rugged Area.mid,6,"['Clarinet', 'Acoustic Bass', 'Trumpet', 'Electric Guitar (clean)', 'Trumpet', 'Steel Drums']"
Maze Hunter 3-D (FM) - 04 - Jungle Area.mid,4,"['Violin', 'Electric Guitar (clean)', 'Harpsichord', 'Steel Drums']"
Maze Hunter 3-D (FM) - 05 - Ice Area.mid,7,"['Oboe', 'Vibraphone', 'Acoustic Bass', 'Vibraphone', 'Trumpet', 'Trumpet', 'Steel Drums']"
Maze Hunter 3-D (FM) - 06 - Blaze Area.mid,4,"['Violin', 'Electric Guitar (clean)', 'Church Organ', 'Steel Drums']"
Maze Hunter 3-D (FM) - 07 - Ending.mid,7,"['Flute', 'Vibraphone', 'Acoustic Bass', 'Vibraphone', 'Vibraphone', 'Vibraphone', 'Vibraphone']"
Maze Hunter 3-D (FM) - 08 - Game Over.mid,7,"['Acoustic Grand Piano', 'Electric Guitar (clean)', 'Vibraphone', 'Acoustic Grand Piano', 'Acoustic Grand Piano', 'Vibraphone', 'Steel Drums']"
Megumi Rescue (FM) - 01 - Title Screen.mid,4,"['Clarinet', 'Electric Guitar (clean)', 'Oboe', 'Steel Drums']"
Megumi Rescue (FM) - 02 - Rounds 1-10.mid,4,"['French Horn', 'Acoustic Bass', 'Clarinet', 'Steel Drums']"
Megumi Rescue (FM) - 03 - Round Clear.mid,3,"['Clarinet', 'Acoustic Bass', 'Vibraphone']"
Megumi Rescue (FM) - 04 - Perfect.mid,3,"['Clarinet', 'Acoustic Bass', 'Acoustic Grand Piano']"
Megumi Rescue (FM) - 05 - Bonus Start.mid,3,"['Acoustic Grand Piano', 'Acoustic Bass', 'Acoustic Grand Piano']"
Megumi Rescue (FM) - 06 - Bonus Stage.mid,5,"['Clarinet', 'Acoustic Bass', 'Acoustic Bass', 'Clarinet', 'Steel Drums']"
Megumi Rescue (FM) - 07 - Rounds 11-20.mid,4,"['Clarinet', 'Acoustic Bass', 'Vibraphone', 'Steel Drums']"
Megumi Rescue (FM) - 08 - Rounds 21-30.mid,6,"['Clarinet', 'Acoustic Bass', 'Vibraphone', 'Clarinet', 'Synth Bass 1', 'Steel Drums']"
Megumi Rescue (FM) - 09 - Ending.mid,5,"['Acoustic Grand Piano', 'Acoustic Bass', 'Clarinet', 'Harpsichord', 'Steel Drums']"
Megumi Rescue (FM) - 10 - Game Over.mid,3,"['Clarinet', 'Electric Guitar (clean)', 'Vibraphone']"
Megumi Rescue (FM) - 11 - Unused Jingle.mid,5,"['Acoustic Grand Piano', 'Electric Guitar (clean)', 'Acoustic Grand Piano', 'Harpsichord', 'Harpsichord']"
Miracle Warriors - Seal of the Dark Lord (FM) - 01 - Title.mid,6,"['Church Organ', 'Acoustic Bass', 'Electric Guitar (clean)', 'Acoustic Grand Piano', 'Church Organ', 'Steel Drums']"
Miracle Warriors - Seal of the Dark Lord (FM) - 02 - Name Entry.mid,4,"['Violin', 'Acoustic Bass', 'Trumpet', 'Steel Drums']"
Miracle Warriors - Seal of the Dark Lord (FM) - 03 - Overhead.mid,7,"['Violin', 'Lead 2 (sawtooth)', 'Trumpet', 'French Horn', 'Church Organ', 'Acoustic Bass', 'Steel Drums']"
Miracle Warriors - Seal of the Dark Lord (FM) - 04 - Castle.mid,5,"['Violin', 'Trumpet', 'Electric Guitar (clean)', 'Flute', 'Steel Drums']"
Miracle Warriors - Seal of the Dark Lord (FM) - 05 - Town.mid,6,"['Electric Guitar (clean)', 'Trumpet', 'Acoustic Bass', 'Electric Guitar (clean)', 'Trumpet', 'Steel Drums']"
Miracle Warriors - Seal of the Dark Lord (FM) - 06 - Cavern.mid,4,"['Violin', 'Acoustic Guitar (nylon)', 'Oboe', 'Steel Drums']"
Miracle Warriors - Seal of the Dark Lord (FM) - 07 - Battle.mid,11,"['Violin', 'Harpsichord', 'Lead 2 (sawtooth)', 'Trumpet', 'Electric Guitar (clean)', 'Lead 2 (sawtooth)', 'Violin', 'Lead 2 (sawtooth)', 'Violin', 'Lead 2 (sawtooth)', 'Steel Drums']"
Miracle Warriors - Seal of the Dark Lord (FM) - 08 - Battle Victory.mid,5,"['Lead 2 (sawtooth)', 'Flute', 'Clarinet', 'Trumpet', 'Steel Drums']"
Miracle Warriors - Seal of the Dark Lord (FM) - 09 - Battle Death.mid,3,"['Trumpet', 'Oboe', 'Harpsichord']"
Miracle Warriors - Seal of the Dark Lord (FM) - 10 - New Companion.mid,3,"['Trumpet', 'Oboe', 'Harpsichord']"
Miracle Warriors - Seal of the Dark Lord (FM) - 11 - Terrarin.mid,7,"['Violin', 'Electric Guitar (clean)', 'Synth Bass 1', 'Oboe', 'Harpsichord', 'Vibraphone', 'Steel Drums']"
Miracle Warriors - Seal of the Dark Lord (FM) - 12 - Ending.mid,5,"['Lead 2 (sawtooth)', 'Electric Guitar (clean)', 'Oboe', 'Harpsichord', 'Steel Drums']"
Out Run (FM) - 01 - Magical Sound Shower.mid,4,"['Oboe', 'Acoustic Bass', 'Acoustic Guitar (nylon)', 'Steel Drums']"
Out Run (FM) - 02 - Passing Breeze.mid,4,"['Flute', 'Acoustic Bass', 'Vibraphone', 'Steel Drums']"
Out Run (FM) - 03 - Splash Wave.mid,4,"['Trumpet', 'Acoustic Bass', 'Acoustic Guitar (nylon)', 'Steel Drums']"
Out Run (FM) - 04 - Last Wave.mid,3,"['Acoustic Grand Piano', 'Acoustic Bass', 'Vibraphone']"
Out Run 3D (FM) - 01 - Magical Sound Shower.mid,7,"['Trumpet', 'Acoustic Bass', 'Trumpet', 'Trumpet', 'Lead 2 (sawtooth)', 'Trumpet', 'Steel Drums']"
Out Run 3D (FM) - 02 - Midnight Highway.mid,11,"['Trumpet', 'Acoustic Bass', 'Trumpet', 'Lead 2 (sawtooth)', 'Violin', 'Church Organ', 'Violin', 'Trumpet', 'Trumpet', 'Lead 2 (sawtooth)', 'Steel Drums']"
Out Run 3D (FM) - 03 - Color Ocean.mid,10,"['Church Organ', 'Acoustic Bass', 'Acoustic Guitar (nylon)', 'French Horn', 'Acoustic Grand Piano', 'French Horn', 'Acoustic Grand Piano', 'Acoustic Guitar (nylon)', 'Violin', 'Steel Drums']"
Out Run 3D (FM) - 04 - Shining Wind.mid,14,"['Trumpet', 'Acoustic Bass', 'Trumpet', 'Clarinet', 'Trumpet', 'Vibraphone', 'Violin', 'Trumpet', 'Acoustic Grand Piano', 'Violin', 'French Horn', 'Flute', 'Trumpet', 'Steel Drums']"
Out Run 3D (FM) - 05 - Last Wave.mid,6,"['Vibraphone', 'Acoustic Grand Piano', 'Vibraphone', 'Vibraphone', 'Vibraphone', 'Vibraphone']"
Penguin Land (FM) - 01 - Title Screen.mid,7,"['Acoustic Grand Piano', 'Clarinet', 'Acoustic Bass', 'Clarinet', 'Vibraphone', 'Trumpet', 'Steel Drums']"
Penguin Land (FM) - 02 - Round Start.mid,4,"['Vibraphone', 'Electric Guitar (clean)', 'Electric Guitar (clean)', 'Steel Drums']"
Penguin Land (FM) - 03 - Game Start.mid,4,"['Synth Bass 1', 'Acoustic Grand Piano', 'Clarinet', 'Steel Drums']"
Penguin Land (FM) - 04 - Main Theme.mid,5,"['Synth Bass 1', 'Clarinet', 'Acoustic Grand Piano', 'Clarinet', 'Steel Drums']"
Penguin Land (FM) - 05 - Round Clear.mid,4,"['Acoustic Grand Piano', 'Acoustic Bass', 'Flute', 'Steel Drums']"
Penguin Land (FM) - 06 - Unknown Music.mid,4,"['Clarinet', 'Acoustic Bass', 'Harpsichord', 'Steel Drums']"
Phantasy Star (FM) - 01 - Title Screen.mid,5,"['Vibraphone', 'Church Organ', 'Acoustic Grand Piano', 'Church Organ', 'Steel Drums']"
Phantasy Star (FM) - 02 - Intro.mid,5,"['Church Organ', 'Flute', 'Flute', 'Acoustic Grand Piano', 'Steel Drums']"
Phantasy Star (FM) - 03 - Town.mid,2,"['Acoustic Grand Piano', 'Acoustic Grand Piano']"
Phantasy Star (FM) - 04 - Shop.mid,4,"['Church Organ', 'Flute', 'Acoustic Grand Piano', 'Steel Drums']"
Phantasy Star (FM) - 05 - Palma.mid,7,"['Clarinet', 'Vibraphone', 'Acoustic Bass', 'Church Organ', 'Church Organ', 'Church Organ', 'Steel Drums']"
Phantasy Star (FM) - 06 - Battle.mid,6,"['Church Organ', 'Clarinet', 'Electric Guitar (clean)', 'Church Organ', 'Synth Bass 1', 'Steel Drums']"
Phantasy Star (FM) - 07 - Cave.mid,9,"['Trumpet', 'Oboe', 'Clarinet', 'Acoustic Bass', 'Clarinet', 'Trumpet', 'Electric Guitar (clean)', 'Vibraphone', 'Steel Drums']"
Phantasy Star (FM) - 08 - Church.mid,5,"['Church Organ', 'Electric Guitar (clean)', 'Flute', 'Acoustic Grand Piano', 'Steel Drums']"
Phantasy Star (FM) - 09 - Vehicle.mid,6,"['Church Organ', 'Trumpet', 'Church Organ', 'Church Organ', 'Electric Guitar (clean)', 'Steel Drums']"
"Phantasy Star (FM) - 10 - Story, Conversations.mid",4,"['Church Organ', 'Flute', 'Acoustic Grand Piano', 'Steel Drums']"
Phantasy Star (FM) - 11 - Motavia.mid,7,"['Harpsichord', 'Trumpet', 'Acoustic Bass', 'Lead 2 (sawtooth)', 'Vibraphone', 'Vibraphone', 'Steel Drums']"
Phantasy Star (FM) - 12 - Final Dungeon.mid,5,"['Harpsichord', 'Lead 2 (sawtooth)', 'Flute', 'Church Organ', 'Steel Drums']"
Phantasy Star (FM) - 13 - Village.mid,4,"['Trumpet', 'Harpsichord', 'Church Organ', 'Steel Drums']"
Phantasy Star (FM) - 14 - Dezoris.mid,7,"['Electric Guitar (clean)', 'Church Organ', 'French Horn', 'Lead 2 (sawtooth)', 'Harpsichord', 'Vibraphone', 'Steel Drums']"
Phantasy Star (FM) - 15 - Tower.mid,6,"['Trumpet', 'Electric Guitar (clean)', 'Oboe', 'Trumpet', 'Lead 2 (sawtooth)', 'Steel Drums']"
Phantasy Star (FM) - 17 - Dark Falz.mid,4,"['Oboe', 'Trumpet', 'Oboe', 'Steel Drums']"
Phantasy Star (FM) - 18 - Ending.mid,5,"['Church Organ', 'French Horn', 'Flute', 'Acoustic Grand Piano', 'Steel Drums']"
Phantasy Star (FM) - 19 - Game Over.mid,3,"['Vibraphone', 'Vibraphone', 'Acoustic Grand Piano']"
Phantasy Star (FM) - 21 - Vehicle (with Airplane SFX).mid,9,"['Electric Piano 1', 'Church Organ', 'Trumpet', 'Electric Piano 1', 'Electric Piano 1', 'Church Organ', 'Church Organ', 'Electric Guitar (clean)', 'Steel Drums']"
"Power Strike, Aleste (FM) - 01 - Aleste.mid",5,"['Trumpet', 'Lead 2 (sawtooth)', 'Lead 2 (sawtooth)', 'Acoustic Bass', 'Steel Drums']"
"Power Strike, Aleste (FM) - 02 - The Challenger.mid",9,"['Violin', 'Vibraphone', 'Lead 2 (sawtooth)', 'Vibraphone', 'Violin', 'Violin', 'Vibraphone', 'Acoustic Bass', 'Steel Drums']"
"Power Strike, Aleste (FM) - 03 - Tension of Dark Side.mid",4,"['Lead 2 (sawtooth)', 'Lead 2 (sawtooth)', 'Acoustic Bass', 'Steel Drums']"
"Power Strike, Aleste (FM) - 05 - The Devastation.mid",5,"['Violin', 'Lead 2 (sawtooth)', 'Violin', 'Acoustic Bass', 'Steel Drums']"
"Power Strike, Aleste (FM) - 06 - The Solitude.mid",5,"['Violin', 'Lead 2 (sawtooth)', 'Violin', 'Acoustic Bass', 'Steel Drums']"
"Power Strike, Aleste (FM) - 07 - Rapid Turning.mid",5,"['Harpsichord', 'Harpsichord', 'Vibraphone', 'Acoustic Bass', 'Steel Drums']"
"Power Strike, Aleste (FM) - 08 - Don_t Cry Hi-yah.mid",5,"['Trumpet', 'Lead 2 (sawtooth)', 'Trumpet', 'Acoustic Bass', 'Steel Drums']"
"Power Strike, Aleste (FM) - 09 - Bloody Jewel.mid",4,"['Vibraphone', 'Vibraphone', 'Synth Bass 1', 'Steel Drums']"
"Power Strike, Aleste (FM) - 10 - Dogodaga-Dogodege.mid",3,"['Synth Bass 1', 'Electric Guitar (clean)', 'Steel Drums']"
"Power Strike, Aleste (FM) - 11 - Go Ahead.mid",5,"['Trumpet', 'Trumpet', 'Acoustic Bass', 'Electric Piano 1', 'Steel Drums']"
"Power Strike, Aleste (FM) - 12 - Triumph.mid",8,"['Harpsichord', 'Lead 2 (sawtooth)', 'Harpsichord', 'Lead 2 (sawtooth)', 'Harpsichord', 'Lead 2 (sawtooth)', 'Acoustic Bass', 'Steel Drums']"
"Power Strike, Aleste (FM) - 13 - Easygoing.mid",4,"['Trumpet', 'Harpsichord', 'Vibraphone', 'Steel Drums']"
"Power Strike, Aleste (FM) - 14 - Again.mid",7,"['Vibraphone', 'Vibraphone', 'Vibraphone', 'Flute', 'Flute', 'Acoustic Bass', 'Steel Drums']"
"Power Strike, Aleste (FM) - 15 - Extra Life.mid",3,"['Harpsichord', 'Harpsichord', 'Steel Drums']"
"Pro_Yakyuu_Family_Stadium_Pennant_Race_(MSX2,_MSX-Music)_01 Title Screen.mid",6,"['Clarinet', 'Lead 2 (sawtooth)', 'Synth Bass 1', 'Lead 2 (sawtooth)', 'Acoustic Bass', 'Lead 2 (sawtooth)']"
Rambo III (FM) - 01 - Title Screen.mid,3,"['Violin', 'Acoustic Bass', 'Steel Drums']"
Rambo III (FM) - 02 - Scenes 1 _ 4.mid,4,"['Acoustic Bass', 'Clarinet', 'Violin', 'Steel Drums']"
Rambo III (FM) - 03 - Scene Clear.mid,7,"['Violin', 'Electric Guitar (clean)', 'Lead 2 (sawtooth)', 'Violin', 'Acoustic Bass', 'Lead 2 (sawtooth)', 'Steel Drums']"
Rambo III (FM) - 04 - Scenes 2 _ 5.mid,3,"['French Horn', 'Acoustic Bass', 'Steel Drums']"
Rambo III (FM) - 05 - Scenes 3 _ 6.mid,3,"['Church Organ', 'Acoustic Bass', 'Steel Drums']"
Rambo III (FM) - 06 - Scene 7.mid,3,"['Violin', 'Acoustic Bass', 'Steel Drums']"
Rambo III (FM) - 07 - Mil Hind Helicopter.mid,4,"['Electric Guitar (clean)', 'Violin', 'Trumpet', 'Steel Drums']"
Rambo III (FM) - 08 - Ending.mid,3,"['French Horn', 'Acoustic Bass', 'Steel Drums']"
Rambo III (FM) - 09 - Game Over.mid,4,"['Trumpet', 'Acoustic Bass', 'Clarinet', 'Steel Drums']"
Rampage (FM) - 01 - Title Screen.mid,4,"['Electric Guitar (clean)', 'Oboe', 'Trumpet', 'Steel Drums']"
Rampage (FM) - 02 - Character Selection.mid,4,"['Acoustic Bass', 'Trumpet', 'Church Organ', 'Steel Drums']"
Rampage (FM) - 03 - Level Theme.mid,5,"['Trumpet', 'Electric Guitar (clean)', 'Trumpet', 'French Horn', 'Steel Drums']"
Rampage (FM) - 04 - Victory Fanfare.mid,2,"['Electric Guitar (clean)', 'Acoustic Bass']"
Rampage (FM) - 05 - Ending.mid,5,"['Acoustic Bass', 'Vibraphone', 'Vibraphone', 'Vibraphone', 'Steel Drums']"
Rampage (FM) - 06 - Unknown.mid,4,"['Acoustic Bass', 'Trumpet', 'Church Organ', 'Steel Drums']"
Rampage (FM) - 07 - Title Screen (Fast).mid,4,"['Electric Guitar (clean)', 'Oboe', 'Church Organ', 'Steel Drums']"
Rastan (FM) - 01 - Opening.mid,5,"['Harpsichord', 'Clarinet', 'French Horn', 'Trumpet', 'Electric Guitar (clean)']"
Rastan (FM) - 02 - Aggressive World.mid,8,"['Violin', 'Lead 2 (sawtooth)', 'Clarinet', 'Acoustic Guitar (nylon)', 'Trumpet', 'Harpsichord', 'Harpsichord', 'Electric Guitar (clean)']"
Rastan (FM) - 03 - Bad Bible.mid,3,"['Vibraphone', 'Harpsichord', 'Acoustic Bass']"
Rastan (FM) - 04 - Re-In-Carnation.mid,12,"['Lead 2 (sawtooth)', 'Electric Guitar (clean)', 'Trumpet', 'Harpsichord', 'Oboe', 'Clarinet', 'Trumpet', 'Lead 2 (sawtooth)', 'Harpsichord', 'Clarinet', 'Electric Guitar (clean)', 'Acoustic Bass']"
Rastan (FM) - 05 - The Devil Boss Carnival.mid,8,"['Harpsichord', 'Lead 2 (sawtooth)', 'Trumpet', 'Harpsichord', 'Trumpet', 'Lead 2 (sawtooth)', 'Harpsichord', 'Electric Guitar (clean)']"
Rastan (FM) - 06 - Scene Clear.mid,3,"['Lead 2 (sawtooth)', 'Lead 2 (sawtooth)', 'Electric Guitar (clean)']"
Rastan (FM) - 07 - The Man of Saga.mid,10,"['Clarinet', 'Trumpet', 'Flute', 'Vibraphone', 'French Horn', 'Trumpet', 'Flute', 'Harpsichord', 'Clarinet', 'Electric Guitar (clean)']"
Rastan (FM) - 08 - Game Over.mid,3,"['Lead 2 (sawtooth)', 'Trumpet', 'Electric Guitar (clean)']"
Shanghai (FM) - 01 - Title Screen.mid,3,"['Harpsichord', 'Oboe', 'Oboe']"
Shanghai (FM) - 02 - Intro _ Music Type C.mid,5,"['Acoustic Grand Piano', 'Vibraphone', 'Violin', 'Acoustic Bass', 'Steel Drums']"
Shanghai (FM) - 03 - Music Type A.mid,4,"['Electric Guitar (clean)', 'Oboe', 'Trumpet', 'Steel Drums']"
Shanghai (FM) - 04 - Music Type B.mid,5,"['Electric Guitar (clean)', 'Clarinet', 'Trumpet', 'Oboe', 'Steel Drums']"
Shanghai (FM) - 05 - Dragon.mid,4,"['Electric Guitar (clean)', 'Lead 2 (sawtooth)', 'Lead 2 (sawtooth)', 'Steel Drums']"
Shanghai (FM) - 06 - Well Done.mid,4,"['Acoustic Bass', 'Harpsichord', 'Electric Guitar (clean)', 'Steel Drums']"
Shanghai (FM) - 07 - Unknown 1.mid,6,"['Vibraphone', 'Electric Guitar (clean)', 'Oboe', 'Acoustic Grand Piano', 'Oboe', 'Steel Drums']"
Shanghai (FM) - 08 - Unknown 2.mid,4,"['Acoustic Bass', 'Oboe', 'Oboe', 'Steel Drums']"
Sky_Adventure_(Alpha-68K)_06 Boss.mid,13,"['Trumpet', 'Church Organ', 'Lead 2 (sawtooth)', 'Violin', 'Church Organ', 'Violin', 'Lead 2 (sawtooth)', 'Harpsichord', 'Acoustic Guitar (nylon)', 'Lead 2 (sawtooth)', 'Harpsichord', 'Harpsichord', 'Steel Drums']"
Sky_Adventure_(Alpha-68K)_16 Game Over.mid,6,"['Trumpet', 'Trumpet', 'French Horn', 'Trumpet', 'French Horn', 'Vibraphone']"
Solomon no Kagi (FM) - 01 - Main Theme.mid,14,"['French Horn', 'Trumpet', 'Clarinet', 'Acoustic Bass', 'Trumpet', 'Acoustic Grand Piano', 'Flute', 'Oboe', 'Violin', 'Trumpet', 'Violin', 'Lead 2 (sawtooth)', 'Vibraphone', 'Steel Drums']"
Solomon no Kagi (FM) - 02 - Room Clear.mid,3,"['Lead 2 (sawtooth)', 'Church Organ', 'Synth Bass 1']"
Solomon no Kagi (FM) - 03 - Hidden Room.mid,5,"['Flute', 'Clarinet', 'Flute', 'Church Organ', 'Church Organ']"
Solomon no Kagi (FM) - 04 - Hurry Up.mid,4,"['Oboe', 'Lead 2 (sawtooth)', 'Oboe', 'Steel Drums']"
Solomon no Kagi (FM) - 05 - Pages Room.mid,5,"['Flute', 'Flute', 'Acoustic Bass', 'Harpsichord', 'Steel Drums']"
Solomon no Kagi (FM) - 06 - Princess Room.mid,5,"['Harpsichord', 'Violin', 'Harpsichord', 'Harpsichord', 'Clarinet']"
Solomon no Kagi (FM) - 07 - Solomon_s Room.mid,9,"['Lead 2 (sawtooth)', 'Oboe', 'Acoustic Grand Piano', 'Trumpet', 'Lead 2 (sawtooth)', 'Harpsichord', 'Oboe', 'Electric Guitar (clean)', 'Steel Drums']"
Solomon no Kagi (FM) - 08 - Ending.mid,12,"['Acoustic Grand Piano', 'Trumpet', 'Church Organ', 'Trumpet', 'Church Organ', 'Electric Guitar (clean)', 'Trumpet', 'Vibraphone', 'Electric Piano 1', 'Vibraphone', 'Trumpet', 'Steel Drums']"
Solomon no Kagi (FM) - 09 - Death.mid,3,"['Oboe', 'Lead 2 (sawtooth)', 'Steel Drums']"
Solomon no Kagi (FM) - 10 - Game Over.mid,7,"['Flute', 'Acoustic Bass', 'Violin', 'Violin', 'Violin', 'Violin', 'Vibraphone']"
Space Harrier 3-D (FM) - 01 - Main BGM.mid,11,"['Violin', 'Church Organ', 'Trumpet', 'Acoustic Bass', 'Violin', 'Vibraphone', 'Trumpet', 'Violin', 'Vibraphone', 'Oboe', 'Steel Drums']"
Space Harrier 3-D (FM) - 02 - Title.mid,4,"['Electric Guitar (clean)', 'Oboe', 'Trumpet', 'Steel Drums']"
Space Harrier 3-D (FM) - 03 - Ending.mid,4,"['Acoustic Bass', 'Acoustic Guitar (nylon)', 'Church Organ', 'Steel Drums']"
Space Harrier 3-D (FM) - 04 - Stanley.mid,5,"['Lead 2 (sawtooth)', 'Acoustic Bass', 'Oboe', 'Trumpet', 'Steel Drums']"
Space Harrier 3-D (FM) - 05 - Vakda.mid,4,"['Acoustic Bass', 'French Horn', 'Violin', 'Steel Drums']"
Space Harrier 3-D (FM) - 06 - Bright Rays.mid,7,"['Trumpet', 'Church Organ', 'Acoustic Bass', 'Oboe', 'Harpsichord', 'Acoustic Grand Piano', 'Steel Drums']"
Space Harrier 3-D (FM) - 07 - Volcano.mid,4,"['Electric Guitar (clean)', 'Oboe', 'Lead 2 (sawtooth)', 'Steel Drums']"
Space Harrier 3-D (FM) - 08 - Mysterious Sky.mid,5,"['Electric Guitar (clean)', 'Electric Guitar (clean)', 'Acoustic Bass', 'Trumpet', 'Steel Drums']"
Space Harrier 3-D (FM) - 09 - Danger Area.mid,4,"['Acoustic Bass', 'Trumpet', 'Trumpet', 'Steel Drums']"
Space Harrier 3-D (FM) - 10 - Game Over.mid,4,"['Acoustic Bass', 'French Horn', 'French Horn', 'Steel Drums']"
Space Harrier 3-D (FM) - 11 - Squilla.mid,4,"['Acoustic Bass', 'Harpsichord', 'Church Organ', 'Steel Drums']"
Space Harrier 3-D (FM) - 12 - Ida.mid,3,"['Electric Guitar (clean)', 'French Horn', 'Steel Drums']"
Space Harrier 3-D (FM) - 13 - Goderni.mid,5,"['Lead 2 (sawtooth)', 'Acoustic Bass', 'Flute', 'Acoustic Grand Piano', 'Steel Drums']"
Space Harrier 3-D (FM) - 14 - Syura.mid,4,"['Acoustic Bass', 'Acoustic Grand Piano', 'Oboe', 'Steel Drums']"
Space Harrier 3-D (FM) - 15 - Wiwi Jumbo.mid,4,"['Acoustic Bass', 'Lead 2 (sawtooth)', 'Clarinet', 'Oboe']"
Space Harrier 3-D (FM) - 16 - White Summer.mid,4,"['Trumpet', 'Acoustic Bass', 'Oboe', 'Steel Drums']"
Space Harrier 3-D (FM) - 17 - Lovers.mid,4,"['Acoustic Bass', 'Trumpet', 'French Horn', 'Steel Drums']"
Space Harrier 3-D (FM) - 18 - Lake Side Memory.mid,4,"['Acoustic Bass', 'Acoustic Grand Piano', 'French Horn', 'Steel Drums']"
Space Harrier 3-D (FM) - 19 - Battle Field.mid,4,"['Trumpet', 'Acoustic Bass', 'Trumpet', 'Steel Drums']"
Summer Games (FM) - 01 - Title Screen.mid,4,"['Acoustic Bass', 'Oboe', 'Church Organ', 'Steel Drums']"
Summer Games (FM) - 02 - Opening.mid,4,"['Oboe', 'Flute', 'Violin', 'Violin']"
Summer Games (FM) - 03 - Event Start.mid,7,"['Oboe', 'Lead 2 (sawtooth)', 'Synth Bass 1', 'Clarinet', 'Lead 2 (sawtooth)', 'Acoustic Bass', 'Steel Drums']"
Summer Games (FM) - 04 - Pole Vault.mid,5,"['Vibraphone', 'Harpsichord', 'Vibraphone', 'Vibraphone', 'Steel Drums']"
Summer Games (FM) - 05 - 100m Dash.mid,5,"['Trumpet', 'Electric Guitar (clean)', 'Trumpet', 'Electric Guitar (clean)', 'Steel Drums']"
Summer Games (FM) - 06 - 100m Dash End.mid,4,"['Trumpet', 'Flute', 'Oboe', 'Violin']"
Summer Games (FM) - 07 - Gymnastics.mid,8,"['Vibraphone', 'Harpsichord', 'Acoustic Bass', 'Acoustic Bass', 'French Horn', 'Acoustic Bass', 'Oboe', 'Steel Drums']"
Summer Games (FM) - 08 - Platform Diving.mid,7,"['Vibraphone', 'French Horn', 'Electric Guitar (clean)', 'Vibraphone', 'Vibraphone', 'Harpsichord', 'Steel Drums']"
Summer Games (FM) - 09 - 100m Freestyle.mid,5,"['Acoustic Bass', 'Acoustic Grand Piano', 'Oboe', 'Synth Bass 1', 'Steel Drums']"
Summer Games (FM) - 10 - 100m Freestyle End.mid,5,"['Oboe', 'Acoustic Bass', 'Oboe', 'Harpsichord', 'Church Organ']"
Summer Games (FM) - 11 - Unused.mid,5,"['Oboe', 'Acoustic Bass', 'Oboe', 'Harpsichord', 'Electric Guitar (clean)']"
Super Basketball (FM) - 01 - Background Music.mid,6,"['Electric Piano 1', 'Acoustic Bass', 'Electric Piano 1', 'Vibraphone', 'Vibraphone', 'Electric Piano 1']"
Thunder Blade (FM) - 01 - Title Screen.mid,5,"['Acoustic Bass', 'Trumpet', 'French Horn', 'Harpsichord', 'Steel Drums']"
Thunder Blade (FM) - 02 - Burning Point.mid,4,"['Church Organ', 'Trumpet', 'Trumpet', 'Steel Drums']"
Thunder Blade (FM) - 03 - Thunder Blade.mid,5,"['Acoustic Bass', 'Harpsichord', 'Flute', 'Harpsichord', 'Steel Drums']"
Thunder Blade (FM) - 04 - Type II.mid,4,"['Trumpet', 'Clarinet', 'Acoustic Bass', 'Steel Drums']"
Thunder Blade (FM) - 05 - Game Over.mid,6,"['Harpsichord', 'Electric Guitar (clean)', 'Harpsichord', 'Vibraphone', 'Vibraphone', 'Steel Drums']"
Wonder Boy III (FM) - 01 - The Last Dungeon.mid,5,"['Synth Bass 1', 'Clarinet', 'Clarinet', 'Electric Guitar (clean)', 'Steel Drums']"
Wonder Boy III (FM) - 02 - Vs. Dragon.mid,5,"['Acoustic Bass', 'Violin', 'Violin', 'Electric Guitar (clean)', 'Steel Drums']"
Wonder Boy III (FM) - 03 - And Now....mid,4,"['Electric Piano 1', 'Vibraphone', 'Vibraphone', 'Steel Drums']"
Wonder Boy III (FM) - 04 - Monster-Town.mid,5,"['Synth Bass 1', 'Clarinet', 'Acoustic Guitar (nylon)', 'Electric Guitar (clean)', 'Steel Drums']"
Wonder Boy III (FM) - 05 - Shop (The Dragon_s Trap).mid,5,"['Acoustic Bass', 'Harpsichord', 'Harpsichord', 'Electric Guitar (clean)', 'Steel Drums']"
Wonder Boy III (FM) - 06 - Continue.mid,5,"['Acoustic Bass', 'Electric Piano 1', 'Electric Piano 1', 'Electric Guitar (clean)', 'Steel Drums']"
Wonder Boy III (FM) - 07 - Mind of Hero.mid,5,"['Acoustic Bass', 'Trumpet', 'Trumpet', 'Electric Guitar (clean)', 'Steel Drums']"
Wonder Boy III (FM) - 08 - Side-Crawler_s Dance.mid,7,"['Synth Bass 1', 'Clarinet', 'Violin', 'Acoustic Guitar (nylon)', 'Church Organ', 'Electric Guitar (clean)', 'Steel Drums']"
Wonder Boy III (FM) - 09 - The Danger Zone.mid,10,"['Electric Guitar (clean)', 'Trumpet', 'Flute', 'Electric Guitar (clean)', 'Trumpet', 'Flute', 'Electric Guitar (clean)', 'Vibraphone', 'Electric Guitar (clean)', 'Steel Drums']"
Wonder Boy III (FM) - 10 - Mouse-Man Falling.mid,5,"['Acoustic Bass', 'Electric Piano 1', 'Electric Piano 1', 'Electric Guitar (clean)', 'Steel Drums']"
Wonder Boy III (FM) - 11 - It_s a Treasure Box.mid,5,"['Acoustic Bass', 'Harpsichord', 'Harpsichord', 'Electric Guitar (clean)', 'Steel Drums']"
Wonder Boy III (FM) - 12 - The Monster_s Lair.mid,6,"['Acoustic Bass', 'Flute', 'Flute', 'Violin', 'Electric Guitar (clean)', 'Steel Drums']"
Wonder Boy III (FM) - 13 - Endless War.mid,5,"['Flute', 'Acoustic Guitar (nylon)', 'Acoustic Guitar (nylon)', 'Electric Guitar (clean)', 'Steel Drums']"
Wonder Boy III (FM) - 14 - The Dragon_s Trap.mid,8,"['Acoustic Bass', 'Acoustic Grand Piano', 'Electric Piano 1', 'Trumpet', 'Acoustic Grand Piano', 'Electric Piano 1', 'Trumpet', 'Steel Drums']"
Wonder Boy in Monster Land (FM) - 01 - Main Theme.mid,3,"['Acoustic Grand Piano', 'Electric Guitar (clean)', 'Church Organ']"
Wonder Boy in Monster Land (FM) - 02 - Boss.mid,3,"['Acoustic Grand Piano', 'Electric Guitar (clean)', 'Harpsichord']"
Wonder Boy in Monster Land (FM) - 03 - Town.mid,3,"['Clarinet', 'Acoustic Bass', 'Oboe']"
Wonder Boy in Monster Land (FM) - 04 - Shop.mid,3,"['Clarinet', 'Acoustic Grand Piano', 'Oboe']"
Wonder Boy in Monster Land (FM) - 05 - Cave _ Castle.mid,3,"['Trumpet', 'Electric Guitar (clean)', 'Lead 2 (sawtooth)']"
Wonder Boy in Monster Land (FM) - 06 - Flute.mid,1,['Clarinet']
Wonder Boy in Monster Land (FM) - 07 - Labyrinth of No End.mid,3,"['Vibraphone', 'Electric Guitar (clean)', 'Acoustic Bass']"
Wonder Boy in Monster Land (FM) - 08 - So Long.mid,3,"['Trumpet', 'Electric Guitar (clean)', 'Vibraphone']"
Wonder Boy in Monster Land (FM) - 09 - Round Clear.mid,3,"['Trumpet', 'Electric Guitar (clean)', 'Acoustic Bass']"
Wonder Boy in Monster Land (FM) - 10 - Death.mid,3,"['Harpsichord', 'Vibraphone', 'Vibraphone']"
Ys (FM) - 01 - Feena.mid,12,"['Electric Piano 1', 'Church Organ', 'Trumpet', 'Acoustic Grand Piano', 'Flute', 'Vibraphone', 'Electric Piano 1', 'Acoustic Grand Piano', 'Church Organ', 'Electric Piano 1', 'Church Organ', 'Steel Drums']"
Ys (FM) - 02 - Fountain of Love.mid,5,"['Vibraphone', 'Acoustic Bass', 'Vibraphone', 'Church Organ', 'Steel Drums']"
Ys (FM) - 03 - Tears of Sylph.mid,4,"['Vibraphone', 'Vibraphone', 'Vibraphone', 'Church Organ']"
Ys (FM) - 04 - The Syonin.mid,6,"['Electric Piano 1', 'Acoustic Bass', 'Electric Guitar (clean)', 'Electric Guitar (clean)', 'Electric Guitar (clean)', 'Steel Drums']"
Ys (FM) - 05 - First Step Towards Wars.mid,6,"['Clarinet', 'Acoustic Guitar (nylon)', 'Clarinet', 'Clarinet', 'Violin', 'Steel Drums']"
Ys (FM) - 06 - Palace.mid,8,"['Acoustic Bass', 'Church Organ', 'Oboe', 'Acoustic Guitar (nylon)', 'Church Organ', 'Acoustic Guitar (nylon)', 'Clarinet', 'Church Organ']"
Ys (FM) - 07 - Holders of Power.mid,6,"['Trumpet', 'Synth Bass 1', 'Electric Guitar (clean)', 'Trumpet', 'Trumpet', 'Steel Drums']"
Ys (FM) - 08 - Palace of Destruction.mid,7,"['Violin', 'Electric Guitar (clean)', 'Harpsichord', 'Trumpet', 'Trumpet', 'Violin', 'Steel Drums']"
Ys (FM) - 09 -  Beat of the Terror.mid,13,"['Church Organ', 'Clarinet', 'Trumpet', 'Acoustic Grand Piano', 'Acoustic Guitar (nylon)', 'Clarinet', 'Vibraphone', 'Clarinet', 'Vibraphone', 'Trumpet', 'Clarinet', 'Church Organ', 'Steel Drums']"
Ys (FM) - 10 - Temple del Sol.mid,4,"['Clarinet', 'Acoustic Bass', 'Vibraphone', 'Clarinet']"
Ys (FM) - 11 - Tower of the Shadow of Death.mid,6,"['Acoustic Bass', 'Clarinet', 'Church Organ', 'Acoustic Grand Piano', 'Clarinet', 'Steel Drums']"
Ys (FM) - 12 - Devil_s Wind.mid,4,"['Acoustic Bass', 'Church Organ', 'Oboe', 'Trumpet']"
Ys (FM) - 13 - The Last Moment of the Dark.mid,5,"['Lead 2 (sawtooth)', 'Trumpet', 'Trumpet', 'Vibraphone', 'Steel Drums']"
Ys (FM) - 14 - Final Battle.mid,6,"['Trumpet', 'Acoustic Bass', 'Church Organ', 'Harpsichord', 'Trumpet', 'Steel Drums']"
Ys (FM) - 15 - Rest In Peace.mid,4,"['Vibraphone', 'Acoustic Bass', 'Vibraphone', 'Vibraphone']"
Ys (FM) - 16 - The Morning Grow.mid,15,"['Vibraphone', 'Trumpet', 'Clarinet', 'Oboe', 'Church Organ', 'Acoustic Guitar (nylon)', 'Electric Guitar (clean)', 'Vibraphone', 'Clarinet', 'French Horn', 'Clarinet', 'Trumpet', 'Clarinet', 'Oboe', 'Steel Drums']"
Ys (FM) - 17 - See You Again.mid,6,"['Trumpet', 'Acoustic Bass', 'Trumpet', 'Trumpet', 'Violin', 'Steel Drums']"
Ys (FM) - 18 - Treasure Box.mid,5,"['Vibraphone', 'Acoustic Bass', 'Flute', 'Trumpet', 'Oboe']"
Ys (FM) - 19 - Game Over.mid,4,"['Vibraphone', 'Clarinet', 'Vibraphone', 'Vibraphone']"
Ys (FM) - 20 - Theme of Adol.mid,5,"['Trumpet', 'Acoustic Bass', 'Trumpet', 'Violin', 'Steel Drums']"
Zaxxon 3-D (FM) - 01 - Title Screen.mid,4,"['Lead 2 (sawtooth)', 'Acoustic Bass', 'French Horn', 'Steel Drums']"
Zaxxon 3-D (FM) - 02 - Outer Space.mid,4,"['Acoustic Bass', 'Trumpet', 'Harpsichord', 'Steel Drums']"
Zaxxon 3-D (FM) - 03 - Enemy_s Base.mid,4,"['Acoustic Bass', 'French Horn', 'Trumpet', 'Steel Drums']"
Zaxxon 3-D (FM) - 04 - Boss.mid,4,"['Electric Guitar (clean)', 'Oboe', 'Oboe', 'Steel Drums']"
Zaxxon 3-D (FM) - 05 - Final Boss.mid,4,"['Lead 2 (sawtooth)', 'Acoustic Bass', 'Harpsichord', 'Steel Drums']"
Zaxxon 3-D (FM) - 06 - Mission Complete.mid,4,"['Acoustic Bass', 'Lead 2 (sawtooth)', 'Lead 2 (sawtooth)', 'Steel Drums']"
Zaxxon 3-D (FM) - 07 - Game Over.mid,6,"['Church Organ', 'Acoustic Bass', 'Harpsichord', 'Lead 2 (sawtooth)', 'Harpsichord', 'Steel Drums']"
Zillion II (FM) - 01 - Title Screen.mid,8,"['Acoustic Guitar (nylon)', 'Acoustic Bass', 'Acoustic Bass', 'Trumpet', 'Lead 2 (sawtooth)', 'Trumpet', 'Lead 2 (sawtooth)', 'Steel Drums']"
Zillion II (FM) - 02 - Pure Stone.mid,5,"['Church Organ', 'Acoustic Bass', 'Vibraphone', 'Lead 2 (sawtooth)', 'Steel Drums']"
Zillion II (FM) - 03 - Inside Base.mid,4,"['Acoustic Bass', 'Acoustic Grand Piano', 'Church Organ', 'Steel Drums']"
Zillion II (FM) - 04 - Boss.mid,4,"['Lead 2 (sawtooth)', 'Acoustic Bass', 'Flute', 'Steel Drums']"
Zillion II (FM) - 05 - Push!.mid,4,"['Acoustic Guitar (nylon)', 'Electric Guitar (clean)', 'Vibraphone', 'Steel Drums']"
